topic_id,size,label,top_words
0,421,0_brutalism_tuh_pyramids_battlefields,brutalism tuh pyramids battlefields alfie oceania fapening oceania obsessively willkommen nuttin hahahhahaahahaa nuck ik
1,78,1____,
2,77,2_21s_mig 21s_nox_mig,21s mig 21s nox mig 15 ghana 15 sino 21s mig 21s 23s 1990s hoopla
3,70,3_surveyor_101 457k_40 knackered_457k schneiers,surveyor 101 457k 40 knackered 457k schneiers 457k 20 bonaza 20 moths 1954 cspan 100 antiviruses 21 sslv2
4,60,4_rdm_crunchyroll_10 14352_14352 10,rdm crunchyroll 10 14352 14352 10 13 gns3 10 hipmunk 10 qued 10 rdm 100 customizations 12 hamburger
5,56,5_10th geolocate_100 slyly_10 thyssenkrupp_13 bancor,10th geolocate 100 slyly 10 thyssenkrupp 13 bancor 15 redistributed 11 fmr 100gb 13 geolocate 70 geofence holleeee holleeee
6,44,6_phubbing___,phubbing
7,38,7_76 trousers_6117 30_6117_30 severing,76 trousers 6117 30 30 severing 100 tripadvisor testifying severing movments taliban posit posit 76 severing
8,35,8_dls_1000 dls_accepta 260b_260b nce,dls 1000 dls accepta 260b 260b nce 2016 dls 800 135 accepta 60k multitudes 40 sobs
9,35,9_diffie_diffie hellman_hellman_100 diffie,diffie diffie hellman hellman 100 diffie williamson 1969 withheld applebaum appplebaum appplebaum 2012 applebaum 1976 1997
10,34,10_13 bct_emphysema_alcoholics_2007 13,13 bct emphysema alcoholics 2007 13 21 pradip 28 2007 740 000 1956 marinol 15 emphysema
11,33,11_antonomous_100 airspeed_stomachs_nakadashi ntr,antonomous 100 airspeed stomachs nakadashi ntr airspeed asiatic airspeed bobcat stomachs bobcat asiatic chromosomes asiatic
12,31,12_101 80_accustom_80 ppos_zipped,101 80 accustom 80 ppos zipped skoda hickok45 cairo cairo zipped enamel 101 frankfurter frankfurter skoda
13,31,13_netbus_2004 netbus_000 sentencing_4171 rikey,netbus 2004 netbus 000 sentencing 4171 rikey 500 acquitted 1998 netbus acquitted mcses 25 lund 500
14,31,14_12mph_12mph schoolyard_2a interceptions_4am,12mph 12mph schoolyard 2a interceptions 4am blairs businesswoman blairs thatcher businesswoman 12mph chaplin motorcade motorpool
15,29,15_05 18_13 shiiit_1000 cor_1st llamas,05 18 13 shiiit 1000 cor 1st llamas 2016 13 18 stubs 15 05 careem calmer calmer 15
16,29,16_536 000_000 unrestorable_31 536_5db,536 000 000 unrestorable 31 536 5db chang telematics etri sirs pepperpay chang pepperpay 5db sirs
17,28,17_assualt_hypermedia_80 assualt_6am 80,assualt hypermedia 80 assualt 6am 80 assortment 6am 2008 720p 133 231 000 ers 10 38
18,28,18_abstractions_000 15x_15x stride_15x,abstractions 000 15x 15x stride 15x 18 strapping 2900ma 2900ma 5v 20 romeos 13000 2900ma
19,27,19_duplicitous piggybacks_duplicitous_commieland freemasons_freemasons spymasters,duplicitous piggybacks duplicitous commieland freemasons freemasons spymasters piggybacks spymasters 80 spymasters contraband duplicitous commieland 80 contraband
20,27,20_11 2017_15 altcoin_angered staingate_errbot,11 2017 15 altcoin angered staingate errbot errbot gcloud altcoin 4k princeton 24 errbot 2017 whisperings whisperings 15
21,26,21_17 4k_1200b 2400b_1200b_10gig,17 4k 1200b 2400b 10gig slimmed 10 youngster 1200b gtx9xx gtx9xx gtx7xxx 20h1 forgiving
22,25,22_2008 uwu_27 etherum_elses coukd_pez,2008 uwu 27 etherum elses coukd pez coukd activision 700 27 2fa 75 wouodnt unpublishing ufr somones unpublishing somone
23,25,23_000 nerdist_119th cub_10 knitted_3d induces,000 nerdist 119th cub 10 knitted 3d induces 20 sunroof 22 elmendorf knitted magnetohydrodynamics nerdist 3d magnetohydrodynamics extinguisher cylindrical
24,25,24_rekognition_100 expecially_astley fraudulant_astley,rekognition 100 expecially astley fraudulant astley cgtn severla euphemisms rekognition expecially euphemisms expecially cowing cowing cgtn
25,25,25_donaldjtrump 20_donaldjtrump_blasphemer_2018 preferential,donaldjtrump 20 donaldjtrump blasphemer 2018 preferential 3rd blasphemer 20 fellating blasphemer eurosceptic exiled 2018 exiled eurosceptic retracts
26,24,26_299 49_1970 100_drmd_drmd rumour,299 49 1970 100 drmd drmd rumour iclutch layer3 iclutch 299 6s mlb 365 ubiquitilink usmobile salesperson
27,24,27_pittmesh_900th outlives_kickoff_16 2015,pittmesh 900th outlives kickoff 16 2015 10 900th 2015 kickoff 3035583 900 900th 10 pittmesh bullishit
28,23,28_00 somewheres_analysizing_analysizing exhibited_8chan christine,00 somewheres analysizing analysizing exhibited 8chan christine christine ambiguously scooped disappoints deepfreeze sacha deepfreeze commandment ramble
29,23,29_cex_easyjet_appleand googlewere_63 appleand,cex easyjet appleand googlewere 63 appleand appleand 117 pillaged cex easyjet klaxon 63 klaxon googlewere 117
30,23,30_cloaking propensity_gangbangers_000 cloaking_filipino housekeeper,cloaking propensity gangbangers 000 cloaking filipino housekeeper rifleor rifleor dresses gangbangers filipino housekeeper iin iin 300
31,22,31_dodootdodoot_dodootdodoot dodootdodoot_104 starfighter_1943 glasgow,dodootdodoot dodootdodoot dodootdodoot 104 starfighter 1943 glasgow starfighter nissans squish dodootdodoot 1986 dexterous atrias finals dexterous dexterous neurosurgeon
32,22,32_303 patters_32tb_10 meteorologist_10 32tb,303 patters 32tb 10 meteorologist 10 32tb 10 appget 10 canumeet 32tb 10 appget 303 canumeet canumeet 100
33,22,33_apl 60_apl_mutations_11 apl,apl 60 apl mutations 11 apl 60 mutations 720 8k mutations 720 8k
34,21,34_04 mintbox_1399_1080 70_10 trueos,04 mintbox 1080 70 10 trueos 10 clusterfucking 1080s 32 1399 vcd rtos qnx rtos trueos 10
35,21,35_durka_durka durka_72 camels_arabi,durka durka durka 72 camels arabi durka arabi arabi paki camels donkeys donkeys durka martyrdom donkeys reformists
36,21,36_unbrick_19th 3310_10 vaio_3310 reimagines,unbrick 19th 3310 10 vaio 3310 reimagines 40mb pwning 1tb 840 180 flyme wi 4g vaio 10 unbrick familiarize
37,20,37_20 flak_flak 5g_flak_000 20,20 flak flak 5g flak 000 20 10 000 5g
38,20,38_albino_41 37_albino jewsa_jihadi 27,albino 41 37 albino jewsa jihadi 27 jewsa 11 41 37 albino jihadi 27 2019 2019 11
39,20,39_5b 10_calendaring_fountains_calendaring fountains,5b 10 calendaring fountains calendaring fountains 199 5b genee calendaring fountains 199 genee 10 kumar kumar
40,20,40_lehi_1940 lehi_lehi lehi_1940,lehi 1940 lehi lehi lehi bolshevism lehi irgun irgun bernadotte 1949 1980 1980 lehi
41,20,41_10 192mb_18 95w_16tb 18_192mb,10 192mb 18 95w 16tb 18 192mb 1080 10 192mb 84 fvwm 95w 95w 1080 antiques
42,19,42_stateing_millionaires 12_100 adless_100 millionaires,stateing millionaires 12 100 adless 100 millionaires adless stateing adless underpays underpays 100 12 100 millionaires
43,19,43_finca_finca bayano_upsurge 10_10 serialized,finca finca bayano upsurge 10 10 serialized 90 finca bayano serialized 90 upsurge serialized
44,19,44_syscalls_algorith_1351 syscalls_2017 algorith,syscalls algorith 1351 syscalls 2017 algorith algorith latestgadgets bandicoot 64 2017 implemen 1351 implemen
45,19,45_cryptocat_000mah_2016 2011_24 erasmus,cryptocat 000mah 2016 2011 24 erasmus 2011 securedrop 10 000mah baffonery baffonery cryptocat 400 sifted 000mah 24
46,19,46_zippy_unraid 19_zippy molasses_molasses 3rd,zippy unraid 19 zippy molasses molasses 3rd 2011 280x 280x zippy 3rd unraid 280x molasses unraid
47,19,47_41_09 41_09 25_12 58,09 41 09 25 12 58 05 09 19 2018 59 24 58 10 35 15 39 18
48,18,48_4chan verheyden_enraged sicily_140 4chan_sicily poring,4chan verheyden enraged sicily 140 4chan sicily poring smiled shutoff verheyden guardimam poring 140 poring italians italians enraged
49,18,49_bluegrass_70 bluegrass_bern_aspergers chincels,bluegrass 70 bluegrass bern aspergers chincels banjo banjo bluegrass betteridge bern jayz betteridge pontificating aspergers
50,18,50_askvoatanon_104853_111122_111122 robatten,askvoatanon 111122 robatten 104853 heavybrain 115814 ihateyuppies 118754 libman
51,18,51_modo_modo modo_10 disablegwx_10 modo,modo modo modo 10 disablegwx 10 modo alphabetically 1809 16k disablegwx disablegwx toggled modo luxology modo modo_701_sp1
52,18,52_decoupled systerdee_deseat_systerdee_deseat clutchers,decoupled systerdee deseat systerdee deseat clutchers systerdee dee clutchers clutchers decoupled decoupled dee
53,18,53_automative_automative competitio_anothers theoretic_anothers,automative automative competitio anothers theoretic anothers 2693 docked competitio indications trillionaires trillionaires anothers fatass
54,18,54_celestial_abba_2009 14_500 arsed,celestial 2009 14 500 arsed 14 deflates 14 2009 arsed crevice abba solutely crapulous crapulous finns
55,18,55_000 1920s_10 mininova_mininova_1920s kindletouch,000 1920s 10 mininova mininova 1920s kindletouch 10 unfinished 65 mullti kindletouch deoployable responsiveness deoployable dedrm 65
56,18,56_1000 grotesque_x220_grotesque_12a,1000 grotesque x220 grotesque 12a 18 1000 12a 2003 2017 300 x220 2017 2500k 12a 4chan x220
57,18,57_drowsiness_50 nuetral_bolsters drowsiness_disassemblers,drowsiness 50 nuetral bolsters drowsiness disassemblers 4k tweezer chroma lithum drowsiness reanalyze drowsiness drowsiness disassemblers lithum
58,18,58_glial_pantented_100 devisive_5w 100,glial pantented 100 devisive 5w 100 5g 2019 experimentally experimentally gliomas 600 5g devisive 3000 tumorous
59,18,59_ryan_smartass_robocheck tangelos_syndication smartass,ryan smartass robocheck tangelos syndication smartass tangelos smartass robocheck tangelos 10 ryan syndication robocheck 10 succession
60,17,60_frenemy omnitone_radxa rk3308_rk3308 69x_rk3308,frenemy omnitone radxa rk3308 rk3308 69x rk3308 strawpoll tux strawpoll frenemy omnitone radxa 69x beta2 69x
61,17,61_ndetv_allright_winlogon ndetv_10 gabriel,ndetv allright winlogon ndetv 10 gabriel 10 12th 2000 74 2003 windowsxp 12th 10 10 win32s allright 3d
62,17,62_911 broccoli_asperger 911_anudda cubes_adsnell goldfish,911 broccoli asperger 911 anudda cubes adsnell goldfish adsnell autocorrects broccoli broccoli adsnell autocorrects asperger cubes chopsticks
63,17,63_nazifaggots_amy shumer_munsk amy_munsk,nazifaggots amy shumer munsk amy munsk collectivism redistributionism glances 2019 outhouse spared outhouse nazifaggots sidelong nazifaggots collectivism
64,17,64_2016 crackdowns_50 allegation_000 sgtreport_pavlovian reds,2016 crackdowns 50 allegation 000 sgtreport pavlovian reds sgtreport tweeters 2016 depravity 50 pavlovian depravity crackdowns 000
65,17,65_fubar_2010 fubar_browers criterias_angines browers,fubar 2010 fubar browers criterias angines browers angines criterias 10 criterias browers 10 2009 2009 2010
66,17,66_000 75_neccessary_ttime_neccessary dojs,000 75 neccessary ttime neccessary dojs 8k 50 ttime ayn ayn 8k dojs dojs ttime ayn
67,17,67_jihadwatch_90th_jihadwatch tingling_jihadwatch 4chins,jihadwatch 90th jihadwatch tingling jihadwatch 4chins 4chan jihadwatch 4chins jihadwatch 90th 4chan 4chins tingling 4chan
68,17,68_6800k 6700k_navi 10_3rd 64_5820k 6800k,6800k 6700k navi 10 3rd 64 5820k 6800k x80 x80 3rd 64 navi 6800k 10 x80 10 5820k
69,17,69_nc zig_zig coddled_coddled counseling_counseling,nc zig zig coddled coddled counseling counseling nc coddled zig
70,16,70_consdering hrm_hrm pleasantly_consdering_hrm,consdering hrm hrm pleasantly consdering hrm pleasantly
71,16,71_tycooon_overcelebrating_tycooon decrees_fests tycooon,tycooon overcelebrating tycooon decrees fests tycooon overcelebrating converge decrees overcelebrating fests converge decrees
72,16,72_astounded_250 wi_3090s_1mm 2020,astounded 250 wi 3090s 1mm 2020 astounded 1mm wi 340 3090s astounded 340 000 1mm 000 3090s
73,16,73_slingers_infos 100_clickjacking_95 clickjacking,slingers infos 100 clickjacking 95 clickjacking slingers slingers slingers infos tuto4pc clickjacking slingers 12 95 tuto4pc 12
74,16,74_coincidences innuendos_lessor identiy_innuendos eneness_innuendos,coincidences innuendos lessor identiy innuendos eneness innuendos intere 80 lessor intere eneness lessor ciliadini identiy
75,16,75_11 thinkpwn_1080 capcom_capcom_capcom 10,11 thinkpwn 1080 capcom capcom capcom 10 thinkpwn 10 11
76,16,76_12 emmc_10 187_10 zx81_10 forverer,12 emmc 10 187 10 zx81 10 forverer forverer snuggle 187 60 unbuntu 60 300 snuggle snuggle 10
77,16,77_17 3ffa_3ffa ttip_2001 erring_erring hewing,17 3ffa 3ffa ttip 2001 erring erring hewing ttip tisa shapiro meso morrocco nauseum 11 morrocco nauseum morrocco
78,16,78_malewarebytes_grok 30_furst_30 furst,malewarebytes grok 30 furst 30 furst mayo headshots headshots grok mayo furst computah computah 2003 2003 malewarebytes
79,15,79_biofuel 1800_magnatron 300_1800 magnatron_magnatron,biofuel 1800 magnatron 300 1800 magnatron magnatron biofuel
80,15,80_000 70_1045_100 2600_2600 3d,000 70 100 2600 2600 3d 2gb 64 64 openbmc 386 1045 optanes 2gb optanes openbmc 30
81,15,81_6p_6p 6p_uneffected uploader_uneffected,6p 6p 6p uneffected uploader uneffected 2015 6p 6p uneffected uploader 10 2015
82,15,82_4k f00f_20 1950s_1010101 agony_1950s nio,4k f00f 20 1950s 1010101 agony 1950s nio repatched cornerstones cornerstones repatched f00f 20
83,15,83_opencellid_11ad wigig_802 11ad_11ad,opencellid 11ad wigig 802 11ad opencellid opencellid wpd opencellid avalable miliseconds fimi fimi opensignal
84,15,84_kingslayer_nuters_kingslayer nuters_,kingslayer nuters kingslayer nuters
85,15,85_socrates_conjure_weeaboo_socrates conjure,socrates conjure weeaboo socrates conjure conjure weeaboo
86,15,86_330tb_18 330tb_10 djia_330tb outfitters,330tb 18 330tb 10 djia 330tb outfitters prefetching tabulation outfitters prefetching interday interday 10 outfitters djia
87,15,87_unspecified_user_unspecified_user unspecified_user_pinyaka amuse_nom,unspecified_user pinyaka amuse nom amuse amuse nom nom unspecified_user 400 pinyaka pinyaka
88,15,88_gruntled leaded_reluctantly triggerredddd_triggerredddd gruntled_triggerredddd,gruntled leaded reluctantly triggerredddd triggerredddd gruntled triggerredddd premix gruntled leaded premix reluctantly leaded
89,15,89_heru mustered_manhood heru_mustered tayandyou_tayandyou,heru mustered manhood heru mustered tayandyou tayandyou mustered heru loneliness manhood manhood loneliness
90,15,90_herald_herald chicanery_zimbabwean_125k zimbabwean,herald herald chicanery zimbabwean 125k zimbabwean moslim zimbabwean 235 chicanery chicanery moslim 000 herald 125k
91,15,91_angwin passphrases_angwin_2015 haxor_modi modbuski,angwin passphrases angwin 2015 haxor modi modbuski modi rtu vbs modbuski haxor bonzibuddy haxor fossbytes angwin
92,14,92_smi_duplo 164_10 notebookbar_duplo,smi duplo 164 10 notebookbar duplo 42 duplo 164 smi notebookbar 42 notebookbar
93,14,93_11 wtc_fleeced 11_trumptards solvent_unexpectedness,11 wtc fleeced 11 trumptards solvent unexpectedness solvent unexpectedness wtc incarnate petraeus trumptards incarnate congresscritters incarnate wtc
94,14,94_cking_burritos oj_blizzards_4x 8x,cking burritos oj blizzards 4x 8x 8x 8x tequila blizzards cking oj indifference schmitt undergoes motorbikes blizzards
95,14,95_50 800_800 50_dlr_800 dlr,50 800 800 50 dlr 800 dlr dlr nastier nastier
96,14,96_10 reroute_entrants hylafax_diversion_kettles diversion,10 reroute entrants hylafax diversion kettles diversion reroute reroute kyc hylafax hylafax 1000 kettles kyc entrants
97,14,97_abagi_000 shillings_5h_abagi bradah,abagi 000 shillings 5h abagi bradah abagi abonyo 5h odhiambo widowed odero odero 500 abonyo
98,14,98_corroded spiked_spiked_cunning corroded_cunning,corroded spiked spiked cunning corroded cunning corroded 20 cunning 000 20 10 000
99,14,99_rh_65m 23_23 2020_2020 rh,rh 65m 23 23 2020 2020 rh 2016 65m 20 toxins rh 20 24 2016 65m toxins
100,14,100_10 carryon_carryon_rusts provoking_carryon 30,10 carryon carryon rusts provoking carryon 30 30 rusts pursues 2018 provoking 2018 35 35 400 rusts
101,14,101_anwar awlaki_awlaki_xavier_becerra,anwar awlaki awlaki xavier becerra xavier becerra 000 anwar awlaki xavier anwar
102,14,102_coudnt_tempered coudnt_temper rnormal_rnormal fuckign,coudnt tempered coudnt temper rnormal rnormal fuckign rnormal pontificate mufa mufa fugga mufa fugga dollla fugga
103,14,103_abbreviations_abbreviations decoder_17 abbreviations_decoder,abbreviations abbreviations decoder 17 abbreviations decoder
104,14,104_2013 1bn_350 slipstreaming_1bn 50_amateurish datas,2013 1bn 350 slipstreaming 1bn 50 amateurish datas kessler hati slipstreaming amateurish datas kessler hati kessler datas
105,14,105_2016 moloch_capraclient_pcmasterrace_moloch,2016 moloch capraclient pcmasterrace moloch capraclient pcmasterrace moloch capraclient
106,14,106_nahuatl_decadence_decadence logarithmic_bentley fur,nahuatl decadence decadence logarithmic bentley fur wordlist sprayer wordlist nahuatl nahuatl nahuatl wordlist logarithmic conman logarithmic
107,13,107_grievance irrelevancies_banshee wail_banshee_aphrodisiac anointed,grievance irrelevancies banshee wail banshee aphrodisiac anointed grievance irrelevancies irrelevancies banshee wail aphrodisiac anointed uncaring uncaring
108,13,108_safeboot_mtp_100 foreigner_100 499,safeboot mtp 100 foreigner 100 499 00 someways foreigner mtp 5w remanufactured mtp mtp mtp 20 implementer 100
109,13,109_spazzes_spazzes unnecissary_unnecissary_h8ters,spazzes spazzes unnecissary unnecissary h8ters unnecissary screamo vacant meanie screamo screamo h8ters meanie h8ters vacant
110,13,110_malleable_malleable solicit_strenuous cdns_cdns,malleable malleable solicit strenuous cdns cdns divorces strenuous solicit 230 divorces malleable cdns divorces solicit
111,13,111_1fee6c56_1fee6c56 9eee_2018 yellowing_4bb6,1fee6c56 9eee 2018 yellowing 4000 fdiv 50 4000 4bb6 a616 9eee 4bb6
112,13,112_receding_combusting 150_emirate combusting_railways emirate,receding combusting 150 emirate combusting railways emirate industrialized terraform industrialized terraform receding receding 150 industrialized terraform receding
113,13,113_tixkets 15_resupplies_tixkets_illusory resupplies,tixkets 15 resupplies tixkets illusory resupplies 30 1950s illusory resupplies tixkets 15 30 1950s
114,13,114_820 1990s_820_1990s_,820 1990s 1990s
115,13,115_orkney_sora patna_orkney dynabook_sora,orkney sora patna orkney dynabook sora patna bihar patna neatest neatest grandmother 2017 orkney dynabook neatest
116,13,116_100 147_147_yewbontheboat_147 43,100 147 yewbontheboat 147 43 202 367 231 741 367 231 3rd fiancee 39 5g
117,13,117_emir___,emir
118,13,118_46mph peugeot_peugeot_wingspan 46mph_2030 wingspan,46mph peugeot peugeot wingspan 46mph 2030 wingspan 406 dodgey peugeot 406 wingspan 46mph dodgey
119,13,119_206_sepecifically_10x 206_206 cutom,sepecifically 10x 206 206 cutom fawlty 10x 206 whereabouts cutom cutom sepecifically 000 fawlty sepecifically 206
120,13,120_000 reflectors_10 quintilian_groundwater susana_calipers reeeeeeally,000 reflectors 10 quintilian groundwater susana calipers reeeeeeally calipers atomics 50 50 eschew groundwater reflectors reeeeeeally groundwater
121,13,121_milliliter_000 overproducing_000 douchenozzle_27 56,milliliter 000 overproducing 000 douchenozzle 27 56 100 waning 1b holdup milliliter 55 overproducing petrodollar milliliter 61 holdup
122,13,122_campers_durp_jong hurp_hurp durp,campers durp jong hurp hurp durp durp campers hurp jong
123,13,123_scouring_finra scouring_ccd finra_ccd,scouring finra scouring ccd finra ccd scouring suspecting suspecting 7000 suspecting subpoenad intervened ccd 7000 subpoenad
124,13,124_kracks wi_mellow sso_sso 70_wi kracks,kracks wi mellow sso sso 70 wi kracks kracks 5g mellow sso mellow wi 5g 70 10
125,13,125_wi ransomexx_2017 wi_ransomexx_linuxmasterrace 2017,wi ransomexx 2017 wi ransomexx linuxmasterrace 2017 linuxmasterrace 10 linuxmasterrace ransomexx 89 2017 2017
126,13,126_73 uggos_uggos_16 aggregating_aggregating 73,73 uggos uggos 16 aggregating aggregating 73 aggregating
127,13,127_marionette 14_marionette_14 400gb_14 14,marionette 14 marionette 14 400gb 14 14 400gb
128,13,128_2019 250_250 20_20 41a3_41a3,2019 250 250 20 20 41a3 luminaries benefactors luminaries benefactors ncp germs 800 800 2019 benefactors
129,13,129_700 offences_offences_offences sucuri_50 700,700 offences offences offences sucuri 50 700 sucuri
130,13,130_drumbeat_4000 10_400 milion_10 14bn,drumbeat 4000 10 400 milion 10 14bn 10 uninstallation 14bn 400 14bn drumbeat 4000 drumbeat drumbeat milion
131,13,131_bixnood_ratification_templatetoaster 7000_4k bixnood,bixnood ratification templatetoaster 7000 4k bixnood 7000 ratification 980 4k templatetoaster ratification 980
132,12,132_checkpoint minimise_amoung ooli_2016 virii_minimise,checkpoint minimise amoung ooli 2016 virii minimise amoung virii writen ooli squish ooli mx6ul mx6ul checkpoint
133,12,133_10 2010_0161_0161 9268_254 oscars,10 2010 0161 9268 254 oscars 2010 scanpst 2010 2010 websitedesignport trioshaper 88 screener 24 websitedesignport
134,12,134_everybodies_blackface unwoke_arsetechnica echochamber_baidaid,everybodies blackface unwoke arsetechnica echochamber baidaid nobodies nobodies everybodies unwoke arsetechnica echochamber baidaid baidaid nobodies arsetechnica
135,12,135_2011_2012 13_13 2011_2011 15,2012 13 13 2011 2011 15 13 2012 17 2011 2011 17 2011 13 15 2011
136,12,136_4chan deepstate_deepstate_moohammaden_hannity,4chan deepstate deepstate moohammaden hannity deepstate hannity hannity moohammaden 4chan
137,12,137_2b 000_2b_000_,2b 000 2b
138,12,138_quartered 7000_referendum 65_tanden quartered_7000 buttfucked,quartered 7000 referendum 65 tanden quartered 7000 buttfucked buttfucked referendum quartered tanden buttfucked referendum
139,12,139_bodes_williams westall_rephrase delegate_williams,bodes williams westall rephrase delegate williams westall contrived westall overseeing overseeing doings rephrase doings rephrase
140,12,140_elinks_andoid_elinks 30_andoid elinks,elinks andoid elinks 30 andoid elinks yearn andoid yearn
141,12,141_malwindows flir_malwindows_flir_,malwindows flir malwindows flir
142,12,142_10 meatspace_meatspace_10_,10 meatspace meatspace
143,12,143_10 zinc_enoughs_30 batties_batties,10 zinc enoughs 30 batties batties batties enoughs strobe 20 enoughs 10 leveling tilling tilling tilling strobe
144,12,144_170_100 innspire_1080p ounces_1080p 70grams,100 innspire 1080p ounces 1080p 70grams ounces 130 uboot 130 120 170 90s 170 hitters 60 1080p
145,12,145_kookspiracy wail_randomgoat_wail whitewashing_whitewashing,kookspiracy wail randomgoat wail whitewashing whitewashing whitewashing arbtrary arbtrary arbtrary randomgoat kookspiracy wail
146,12,146_recombine frist_recombine_frist_,recombine frist recombine frist
147,12,147_10 envelopes_10 1996_16gb 6s_1996 gte,10 envelopes 10 1996 16gb 6s 1996 gte 120 539 receptionist 10 539 10 6s 120 gte envelopes receptionist
148,12,148_evidenced 26_incentivizes 9th_legalizing incentivizes_26 aftwr,evidenced 26 incentivizes 9th legalizing incentivizes 26 aftwr aftwr aftwr legalizing legalizing incentivizes evidenced 9th
149,12,149_vdos_weakend shoplifted_travails 60_travails,vdos weakend shoplifted travails 60 travails vdos vdos weakend crims weakend shoplifted cashierless shoplifted jawbone vdos
150,11,150_2000 pd_pd 4th_warrentless_11th warrentless,2000 pd pd 4th warrentless 11th warrentless warrentless 2000 4th 1984 pd 11th 4th
151,11,151_composer inqtel_composer_inqtel_inqtel 14,composer inqtel composer inqtel inqtel 14 000 composer presenters 10 14 1x 1x 14 presenters 1x
152,11,152_pane_400 9mm_10 deleterious_61 62,pane 400 9mm 10 deleterious 61 62 62 63 5120x1280 10 2018 pane 901 differnt deleterious 10 differnt
153,11,153_w1_skates_10 ctg_369,w1 skates 10 ctg 000 indego ctg effiency 3200 effiency indego groundhog 10
154,11,154_softballs_twain brothel_brothel softballs_softballs chancellor,softballs twain brothel brothel softballs softballs chancellor twain brothel chancellor
155,11,155_slurpage suroosh_alvi_suroosh alvi_suroosh,slurpage suroosh alvi suroosh alvi suroosh slurpage
156,11,156_concerened lensing_44 magnum_000 dwindle_concerened,concerened lensing 44 magnum 000 dwindle concerened pollination lensing elcliiptic dwindle pollination elcliiptic lensing dwindle
157,11,157_ms16 023_unbootable preloaded_023 10_preloaded,ms16 023 unbootable preloaded 023 10 preloaded 24 unbootable ms16 unbootable 10 24
158,11,158_cliffed_95 cliffed_cliffed cliffed_95,cliffed 95 cliffed cliffed cliffed
159,11,159_lurkers_1c1e berners_berners lurkers_lurker pillaging,lurkers 1c1e berners berners lurkers lurker pillaging lurkers lurkers lurker lurkers perils perils lurker pillaging
160,11,160_frantech_200mbit_2013 welter_200mbit 600,frantech 200mbit 2013 welter 200mbit 600 3g frantech 24b gbp 99 3g 24b ccnp 24b caged 200mbit
161,11,161_000 voyager_20 50s_32 2015_20 alacrity,000 voyager 20 50s 32 2015 20 alacrity 2015 66 2015 34 2040 25 34 2040 25 67 2040 carbonise
162,11,162_10 canvases_canvases_10 10_10,10 canvases canvases 10 10
163,11,163_3d 23_60 vtti_23 blasters_blasters teleporters,3d 23 60 vtti 23 blasters blasters teleporters vtti vtti conventionally borne 3d conventionally teleporting teleporters teleporting borne
164,11,164_113 ndom_32b4 hoaxery_bombardments_32b4,113 ndom 32b4 hoaxery bombardments benz firings firings vab gcr pelting gcr bombardments gcr firings
165,11,165_decompress 30_puffers_shakti_shakti puffers,decompress 30 puffers shakti shakti puffers puffers decompress 35 pak pak shakti pak decompress 20 30
166,11,166_morphs egobook_morphs_egobook_weibo morphs,morphs egobook morphs egobook weibo morphs weibo
167,11,167_aptos_portmapper aptos_portmapper_,aptos portmapper aptos portmapper
168,11,168_flak pickpockets_1712_07816 111_500 1712,flak pickpockets 07816 111 500 1712 1712 07816 pickpockets 500 pickpockets 111 10 flak
169,11,169_5g ransoms_mart 5g_ransoms 40k_40k shitless,5g ransoms mart 5g ransoms 40k 40k shitless shitless ransoms 40k wal mart wal mart
170,11,170_amdflaws_301_amdflaws 301_301 amdflaws,amdflaws amdflaws 301 301 amdflaws iplayer conspiratard iplayer conspiratard tracerouted impersonators impersonators iplayer 301 301
171,11,171_nutube_korg_16gb 149_150 8am,nutube korg 16gb 149 150 8am 10am 12 8am 10am arsenide gaalinp arsenide selenide 737 150
172,11,172_goddard 13_luminescent_twentyfive_13 luminescent,goddard 13 luminescent twentyfive 13 luminescent 3d rhino goddard luminescent twentyfive rhino goddard rhino
173,11,173_sorcerers_triangles_sorcerers triangles_,sorcerers triangles sorcerers triangles
174,11,174_finders overexposed_micky_finders_micky finders,finders overexposed micky finders micky finders auditor micky overexposed tokui reproduced auditor reproduced 17 reproduced tokui
175,11,175_wgtt911_bounding wgtt911_10 bounding_bounding,wgtt911 bounding wgtt911 10 bounding bounding 10 10
176,11,176_1930s 18_sinmun_20 libelous_kingemocut,1930s 18 sinmun 20 libelous kingemocut sinmun cuckerburg trapping 1930s libelous kingemocut rodong rodong sinmun trapping
177,11,177_spof telemtry_spof_2615 th3power_21st spof,spof telemtry spof 2615 th3power 21st spof telemtry 10 telemtry th3power 80486 80486 sha1 10 2615
178,11,178_zdziarski_000 360_2a55 motherfukers_faceoff zdziarski,zdziarski 000 360 2a55 motherfukers faceoff zdziarski motherfukers zdziarski zdziarski backpedaling kiddy faceoff kiddy faceoff backpedaling
179,11,179_basin_requiments basin_requiments_,basin requiments basin requiments
180,11,180_banksy_2020 46_46 51_51 banksy,banksy 2020 46 46 51 51 banksy ooze banksy banksy colonizer 12 colonizer hackneyed hackneyed ooze
181,11,181_vunerabilities voiding_voiding blabbing_pesticide wifatch_spectral,vunerabilities voiding voiding blabbing pesticide wifatch spectral whew whew vunerabilities wifatch whew vunerabilities spectral pesticide blabbing
182,11,182_jimmies steyn_kowtowing_femine shaggy_femine,jimmies steyn kowtowing femine shaggy femine characteristically kowtowing characteristically kowtowing shitass shaggy moslem lowles popualr
183,11,183_charlatans_deliv_sermons cemented_000 deliv,charlatans deliv sermons cemented 000 deliv 67 000 cemented charlatans sermons deliv sermons cemented
184,11,184_barrons_bruh_destitute barrons_10 bruh,barrons bruh destitute barrons 10 bruh 10 destitute 800k 10 bruh 800k 800k destitute 10 10
185,11,185_wi catcher_5c unblockable_unblockable_unblockable 10,wi catcher 5c unblockable unblockable unblockable 10 catcher 24 24 20000000 catcher 5c 10 wi
186,11,186_sayonara 365_sayonara_zimbra_302m sayonara,sayonara 365 sayonara zimbra 302m sayonara 10 zimbra 302m 365 10
187,11,187_absolut_righters absolut_righters_,absolut righters absolut righters
188,11,188_4usxus_42 nastey_13 internship_4usxus grilled,4usxus 42 nastey 13 internship 4usxus grilled 10k 13 tshow salons nastey nastey 10k internship internship bogglingly
189,10,189_50k 100_30k 80k_700 commissions_commissions 10k,50k 100 30k 80k 700 commissions commissions 10k 100 30k solarpaces relocates csp solarpaces ignite csp solarpaces relocates 700
190,10,190_leacherous_140 maythe4th_maythe4th leacherous_leacherous civility,leacherous 140 maythe4th maythe4th leacherous leacherous civility maythe4th civility
191,10,191_trialing_newfags uninstalls_newfags_trialing newfags,trialing newfags uninstalls newfags trialing newfags uninstalls
192,10,192_10 pokémon_pokémon 20_20 15_pokémon,10 pokémon pokémon 20 20 15 pokémon 000 20 20 000
193,10,193_10 sculley_64 400_400 saddened_comperable,10 sculley 64 400 400 saddened comperable commodores 64 comeuppance downwards comeuppance downwards comperable linup downwards approximation
194,10,194_99___,
195,10,195_fukushimas_cussing_fukushimas 20th_cussing chainsmoking,fukushimas cussing fukushimas 20th cussing chainsmoking chainsmoking 30 20th cussing chainsmoking 20th
196,10,196_densest_decoders nether_nether_15b,densest decoders nether nether 15b 486 90 15b densest densest 486 90 decoders decoders
197,10,197_1st 1ghz_2020 tiolet_1ghz 512mb_nuu 920,1st 1ghz 2020 tiolet 1ghz 512mb nuu 920 nuu 200 otherhand 512mb 4gb 920 qnx 4gb 2020 exokernels
198,10,198_perches doctorow_nestle classifieds_perches_lampposts,perches doctorow nestle classifieds perches lampposts lampposts perches doctorow nestle doctorow classifieds nestle
199,10,199_thuggery 100_thuggery_100 5g_5g,thuggery 100 thuggery 100 5g 5g
200,10,200_cylance_cortona_clamwin 2012_clamwin,cylance cortona clamwin 2012 clamwin 2012 nek cylance cylance cylance reappear cortona cortona cortona imaged cylance cortona
201,10,201_hydrides 30_hydrides_30 50_30,hydrides 30 hydrides 30 50
202,10,202_spiritually 5th_lowe rahm_emanuel spiritually_nostradamus millenia,spiritually 5th lowe rahm emanuel spiritually nostradamus millenia nostradamus 5th nostradamus rahm emanuel emanuel spiritually rahm
203,10,203_ced 108_fanfic_ripoff winirar_ripoff,ced 108 fanfic ripoff winirar ripoff winirar 108 fanfic fanfic ripoff ced
204,10,204_13 02_27 13_02 curvature_charmonium,13 02 27 13 02 curvature charmonium ulcers monk ulcers curvature lawls lawls curvature charmonium 27
205,10,205_mei 2016_mei_2016_,mei 2016 mei
206,10,206_nrl_12 nrl_60 edict_edict,nrl 12 nrl 60 edict edict 10 immaterial chagrin edict forgetful immaterial forgetful fucktards forgetful
207,10,207_designbook_designbook 12_sics designbook_12 decentralisation,designbook designbook 12 sics designbook 12 decentralisation 20 magentocommerce decentralisation 20 sics magentocommerce decentralisation
208,10,208_inglorious 10th_inglorious_smach 2003_aria inglorious,inglorious 10th inglorious smach 2003 aria inglorious 10th smach smach aria 10th
209,10,209_jell 30_bodysuit landlining_bodysuit_landlining,jell 30 bodysuit landlining bodysuit landlining wheres bodysuit wheres sterilized sterilized wheres jell 30 sterilized
210,10,210_alums biomarkers_biomarkers 2fa_wi alums_alums,alums biomarkers biomarkers 2fa wi alums alums 2fa 230 biomarkers 2fa wi
211,10,211_kerbs evernotes_evernotes niantic_evernotes_7m kerbsonsecurity,kerbs evernotes evernotes niantic evernotes 7m kerbsonsecurity kerbsonsecurity niantic 330 kerbsonsecurity kerbs leecher kerbs 330 leecher
212,10,212_37___,
213,10,213_jeeps decompile_ec jeeps_decompile_jeeps,jeeps decompile ec jeeps decompile jeeps ec
214,10,214_soccerstreams_chrom ium_soccerstreams 11_ium,soccerstreams chrom ium soccerstreams 11 ium chrom 11 chrom 1m soccerstreams 1m
215,10,215_philanthropist_doubted_philanthropist doer_philanthropist 300,philanthropist doubted philanthropist doer philanthropist 300 philanthropist philanthropist doer philanthropist doubted philanthropist doer
216,10,216_2015 2001_pssst 2015_2001 spliced_pssst,2015 2001 pssst 2015 2001 spliced pssst spliced
217,10,217_exacerbator furnitureits_equilibrium blockinfinitum_blockinfinitum worshiping_furnitureits,exacerbator furnitureits equilibrium blockinfinitum blockinfinitum worshiping furnitureits worshiping ostans equilibrium furnitureits coindesk ostans exacerbator blockinfinitum
218,10,218_deformity pogroms_disfigurement deformity_deformity_boobies,deformity pogroms disfigurement deformity deformity boobies pogroms nilly boobies pogroms 65k disfigurement boobies disfigurement 1920 willy
219,10,219_hippocratic fooooooooiaaaaaal_fooooooooiaaaaaal freeman_fooooooooiaaaaaal_hippocratic,hippocratic fooooooooiaaaaaal fooooooooiaaaaaal freeman fooooooooiaaaaaal hippocratic freeman
220,10,220____,
221,10,221_wrecking wanders_facilty lpt_4f7c 10_vulnerabilites 4f7c,wrecking wanders facilty lpt 4f7c 10 vulnerabilites 4f7c vulnerabilites wanders facilty 10 wrecking lpt wanders
222,10,222_statment_statment semitic_semitic ϟϟ_ϟϟ,statment statment semitic semitic ϟϟ ϟϟ semitic
223,10,223_contingent erupted_erupted 200_200 cremation_cremation,contingent erupted erupted 200 200 cremation cremation erupted contingent
224,10,224_astrophotography 90_rs485_x27 astrophotography_rs485 x27,astrophotography 90 rs485 x27 astrophotography rs485 x27 90 30 astrophotography x27 30 90
225,10,225_1am_1am 200_10 misinterpretation_uat,1am 1am 200 10 misinterpretation uat overheads 150 uat ballache 150 uat 2nd overheads 35 2nd 200 4tb
226,10,226_farmed 30_compitence_shorthands_compitence farmed,farmed 30 compitence shorthands compitence farmed shorthands compitence farmed
227,10,227_50 decrying_decrying_decrying 2002_05 50,50 decrying decrying decrying 2002 05 50 10 05 000 23 23 2018 2018 10
228,10,228_conserva_2880_voxxy conserva_voxxy,conserva voxxy conserva voxxy 2880 voxxy
229,10,229_100k meizu_10nm backwoods_20 charring_55w 20,100k meizu 10nm backwoods 20 charring 55w 20 backwoods hideout 55w repellent washable washable fibres mcharge mcharge 55w
230,10,230_becmes archivists_becmes_archivists_,becmes archivists becmes archivists
231,10,231_8086_10 h7_1978 16_16 8080,10 h7 1978 16 16 8080 16 successors 80286 80386 50 xu4 4x 15 15 8086
232,9,232_occassionally_frankenmine sbbh_frankenmine_occassionally frankenmine,occassionally frankenmine sbbh frankenmine occassionally frankenmine sbbh
233,9,233_weaponizing 8chan_weaponizing_8chan_,weaponizing 8chan weaponizing 8chan
234,9,234_nsat_hellman 200_200 nsat_hellman,nsat hellman 200 200 nsat hellman diffie hellman diffie
235,9,235_cyberghost nbcuniversal_ondata 5g_ondata_nbcuniversal,cyberghost nbcuniversal ondata 5g ondata nbcuniversal 5g 50 75 cyberghost cyberghost 50 75 5g
236,9,236_restrained dindus_amorphize restrained_amorphize_dindus,restrained dindus amorphize restrained amorphize dindus restrained
237,9,237_hajime_hajime 300_300 000_000 hajime,hajime hajime 300 300 000 000 hajime 000 ous ous scurrying ous 6000 scurrying hajime
238,9,238_000 clammoring_therapists mobilizing_mobilizing_manhours laissez,000 clammoring therapists mobilizing mobilizing manhours laissez manhours 2015 120 clammoring manhours cra therapists clammoring mobilizing languish
239,9,239_instal facepage_superuser orrrrr_youporn superuser_orrrrr,instal facepage superuser orrrrr youporn superuser orrrrr orrrrr instal facepage youporn instal superuser
240,9,240_unfinished 20_rdio_rdio 2017_bigbrotherawards,unfinished 20 rdio rdio 2017 bigbrotherawards bigbrotherawards unfinished 2017 bigbrotherawards unfinished
241,9,241_lumos_neutrons_1901 ingested_alphas,lumos neutrons 1901 ingested alphas 40 nucleic alphas med lumos lumos lumos starshade ingested ingest
242,9,242_leavitt_leavitt redditards_hollyweird leavitt_hollyweird,leavitt leavitt redditards hollyweird leavitt hollyweird redditards
243,9,243_5g proctoring_23 5g_proctoring_12 2016,5g proctoring 23 5g proctoring 12 2016 03 23 2016 03
244,9,244_dismantles___,dismantles
245,9,245_experian_darknets 10_harmelss experian_10 experian,experian darknets 10 harmelss experian 10 experian capitalone experian capitalone harmelss capitalone experian experian harmelss darknets
246,9,246_spaffed 12m_adcash spaffed_adcash_365 taobao,spaffed 12m adcash spaffed adcash 365 taobao spaffed 12m 365 tmall prc taobao tmall prc tmall
247,9,247_100___,
248,9,248_000000000000000000000000000000000000000000001_leonard_000000000000000000000000000000000000000000001 leonard_,leonard
249,9,249_3d 39_mir 100_39 mir_mir,3d 39 mir 100 39 mir mir 3d
250,9,250_70 20_200 100_20 200_100 30,70 20 200 100 20 200 100 30
251,9,251_35 85_85 juries_juries_85,35 85 85 juries juries
252,9,252_emlx_emlx mapmyfitness_emlx emlx_3rd emlx,emlx emlx mapmyfitness emlx emlx 3rd emlx mapmyfitness 3rd
253,9,253_18 ransacked_ransacked_18_,18 ransacked ransacked
254,9,254_superspecial_256 8am_5pm superspecial_8am 5pm,superspecial 256 8am 5pm superspecial 8am 5pm 10 128 128 256 8am 5pm
255,9,255____,
256,9,256_luongo_kahuna luongo_harassement 30_30 2013,luongo kahuna luongo harassement 30 30 2013 reopening harassement luongo reopening pissy criers kahuna criers 2013 pissy
257,9,257_360video_360video wasd_wasd 78_furfag,360video 360video wasd wasd 78 furfag 78 furfag wasd
258,9,258_preventable_cyberterrorism moat_basketball cyberterrorism_1bn blowers,preventable cyberterrorism moat basketball cyberterrorism 1bn blowers 100 reimburse blowers 100 cyberterrorism expext 100 preventable incentivised basketball
259,9,259_faeces_culled phosphorous_phosphorous_gorsuch culled,faeces culled phosphorous phosphorous gorsuch culled phosphorous faeces gorsuch culled
260,9,260_insignificance_changingly_omaha changingly_omaha,insignificance changingly omaha changingly omaha changingly insignificance
261,9,261_accidently_100 accidently_100_,accidently 100 accidently
262,9,262_kenyans_000 kenyans_7th 2014_kenyans 7th,kenyans 000 kenyans 7th 2014 kenyans 7th 2014 2014 7th 10 000
263,9,263_tangentally_tangentally 30_30 30_30,tangentally tangentally 30 30 30
264,9,264_1s 17_10 1440p_1440p mipad_13 64gb,1s 17 10 1440p 1440p mipad 13 64gb mipad 17 69 64gb 2019 54g terrific mipad 10
265,9,265_10 gparted_gparted_18 syphilis_filipino homelands,10 gparted gparted 18 syphilis filipino homelands 15 oscillation oscillation homelands nonreplicatable vagus nonreplicatable hospitable filipino
266,9,266_10 weirdy_weirdy_weirdy 10_10 90,10 weirdy weirdy weirdy 10 10 90 10 10
267,9,267_fsa secondspin_secondspin_wakandian 235_19th wakandian,fsa secondspin secondspin wakandian 235 19th wakandian 235 vouchers fsa secondspin 19th wakandian vouchers
268,9,268_digiplex_encodethisstring_nanometer pigment_increment encodethisstring,digiplex encodethisstring nanometer pigment increment encodethisstring increment pigment digiplex withthispassword bioreactor 30 bioreactor
269,9,269_2015 centralised_centralised seafood_centralised_seafood,2015 centralised centralised seafood centralised seafood
270,9,270_h3_cca embarassing_takedownsriaa_h3 h3,h3 cca embarassing takedownsriaa h3 h3 200 h3 embarassing h3 cca cca takedownsriaa 200
271,9,271_1920 scraper_ceddit 15_scraper 7z_7z ceddit,1920 scraper ceddit 15 scraper 7z 7z ceddit 2018 hup hup hup 1920 browseu 10 ceddit scraper
272,9,272_transcribe_qsnatch monolothing_monolothing_transcribe qsnatch,transcribe qsnatch monolothing monolothing transcribe qsnatch qsnatch
273,9,273_mostrural_lifes_mostrural 45_lifes flank,mostrural lifes mostrural 45 lifes flank flank 2m mostrural 45 lifes 2m
274,9,274_planters_adapts 2014_adapts_3d osmosis,planters adapts 2014 adapts 3d osmosis planters 3d yam planters yam whirring osmosis whirring 2014 yam
275,9,275_000 womb_20 rafting_flatbed_flatbed buttplug,000 womb 20 rafting flatbed flatbed buttplug trow rafting trow lambs 20 rafting incubate lambs incubate
276,9,276_demeaning_demeaning cmdr_evolutionarily extermination_1980s 1990s,demeaning demeaning cmdr evolutionarily extermination 1980s 1990s cmdr cmdr evolutionarily extermination 1980s evolutionarily extermination 1980s
277,9,277_2011 99_cybersquatting keralite_keralite maxchanzuckerberg_retrorgb,2011 99 cybersquatting keralite keralite maxchanzuckerberg retrorgb maxchanzuckerberg 700 retrorgb fever fever fever 2011 keralite maxchanzuckerberg
278,9,278_bludgeoned 2000_supermox bludgeoned_bludgeoned_supermox,bludgeoned 2000 supermox bludgeoned bludgeoned supermox
279,9,279_lettered designations_lettered_streetcars_000 streetcars,lettered designations lettered streetcars 000 streetcars decaying decaying lettered streetcars decaying designations 10 000
280,9,280_impressible_curiousity_chromatic_impressible curiousity,impressible curiousity chromatic impressible curiousity parkinsons tremors tremors 80 parkinsons chromatic impressible 80 chromatic 24 parkinsons
281,9,281_facepalms_brainwashes_jinpings facepalms_jinpings,facepalms brainwashes jinpings facepalms jinpings brainwashes jinpings
282,9,282_panes___,panes
283,8,283_2040 500_clampdown 2040_clampdown_500 15,2040 500 clampdown 2040 clampdown 500 15
284,8,284_bolton_repression_facebookgoogle bolton_repression bolton,bolton repression facebookgoogle bolton repression bolton facebookgoogle bolton tentative bolton bolton bolton repression tentative repression repression
285,8,285_35 blackball_blackball_35_,35 blackball blackball
286,8,286_fanfair_517f meshing_517f_2020 scabs_galore,fanfair 517f meshing 2020 scabs_galore 1970 parsed scabs_galore 8chan parsed outperforming preeminent 517f meshing 2020 outperforming preeminent
287,8,287_levitte_2083_2083 kdf_kdf,levitte 2083 kdf kdf kdf 2083 pbkdf2 levitte flaccid bunkey flaccid levitte levitte bunkey
288,8,288_thedarkmod_veery syes_thedarkmod multicore_veery,thedarkmod veery syes thedarkmod multicore veery uiux veery uiux syes syes dzen multicore replys replys
289,8,289_gba_gba 2012_8k 40_2012 r2,gba gba 2012 8k 40 2012 r2 266 vvc 10 266 40 xbr retroarch retroarch gba vvc
290,8,290____,
291,8,291_2015 250_250 10_250_2015,2015 250 250 10
292,8,292_cufflinks 2021_hydrates_teamsters unconcerned_teamsters,cufflinks 2021 hydrates teamsters unconcerned teamsters unconcerned 2021 hydrates hydrates teamsters cufflinks
293,8,293_630_60 9s_250mph 630_630 chuckled,60 9s 250mph 630 630 chuckled 250mph replumb conceived conceived f35s f35s chuckled replumb conceived
294,8,294_indo_libido_133 lathe_vigor phases,indo libido 133 lathe vigor phases subfamily indo impeccable 60 thrice indo subfamily impeccable resuscitate intercourse grownup
295,8,295_codemonkeys_mccheapass_pennypincher mccheapass_02 codemonkeys,codemonkeys mccheapass pennypincher mccheapass 02 codemonkeys 19 8k 8k pennypincher pennypincher mccheapass 02 8k
296,8,296_60tb___,60tb
297,8,297_000 nomads_nomads_45 000_45,000 nomads nomads 45 000
298,8,298_segregating___,segregating
299,8,299_clerking_3d motorways_354 clerking_354,clerking 3d motorways 354 clerking clerking inscrutable motorways 20 inscrutable cara motorways cara 20 354
300,8,300_mattel chopin_chopin_mattel_,mattel chopin chopin mattel
301,8,301_hapening chattel_hoopy_iqs_hoopy 50k,hapening chattel hoopy iqs hoopy 50k 3rd iqs iqs hoopy 70 3rd hapening 50k hapening chattel
302,8,302_africas_techmovement 2020_africas techmovement_techmovement,africas techmovement 2020 africas techmovement techmovement 2020 30 30 100
303,8,303_1ffa 14330404_14330404_1ffa_,1ffa 14330404
304,8,304_gapping_9mm gapping_9mm_,gapping 9mm gapping 9mm
305,8,305_ansi_c89_ansi ansi_ansi c89,ansi c89 ansi ansi ansi c89 c11 ansi misnomer c11 c89 c89 ansi c90 ansi c11
306,8,306_squeal_120 wi_1000kr 120_100gs,squeal 120 wi 1000kr 120 100gs 100gs equip whiteboards squeal wi whiteboards equip 1000kr 1000kr whiteboards
307,8,307_287 12_287_100 clorox_24 datat,287 12 100 clorox 24 datat 100 287 subrosa 10 12 287 clorox clorox 24 24 outwards
308,8,308_15 slimmed_slimmed_15_,15 slimmed slimmed
309,8,309_tovarisch___,tovarisch
310,8,310_626_droned_2017 626_droned 2017,droned 2017 626 droned 2017
311,8,311_bribers_confiscating_diverted_confiscating hoarders,bribers confiscating diverted confiscating hoarders rulemaking rulemaking 7ffa diverted attenuated bribers 55 attenuated 55 diverted
312,8,312_logbar_svchost electionguard_electionguard 18_logbar svchost,logbar svchost electionguard electionguard 18 logbar svchost svchost electionguard
313,8,313_prothetic 5th_lowe prothetic_452 robocab_3d 35,prothetic 5th lowe prothetic 452 robocab 3d 35 robocab lowe prothetic robocab 5th 3d 35 odin
314,8,314_weleakinfo___,weleakinfo
315,8,315_unsjw divvy_unsjw_10 unsjw_divvy,unsjw divvy unsjw 10 unsjw divvy 10 10
316,8,316_hehehe tantalizing_jlaw_xhacker02 hehehe_tantalizing,hehehe tantalizing jlaw xhacker02 hehehe tantalizing jlaw xhacker02 xhacker02 hehehe
317,8,317_extruded garlic_garlic 100_extruded_garlic,extruded garlic garlic 100 extruded garlic
318,8,318____,
319,8,319_bds_bds 10_windscreens_raid5,bds bds 10 windscreens raid5 10 windscreens 10 raid5 raid5 10 bd bds bd
320,8,320_commodere_vie commodere_000 vie_vie,commodere vie commodere 000 vie vie 10 000
321,8,321_phuck_excramernaise1488_smes excramernaise1488_smes,phuck excramernaise1488 smes excramernaise1488 smes excramernaise1488 phuck
322,8,322_fuze_35 fuze_160 eb100_earpieces,fuze 35 fuze 160 eb100 earpieces y6 wi y6 5g earpieces fuze 160 fuze 35
323,8,323_demarked___,demarked
324,8,324_infringements_infringements 5g_5g 5g_5g,infringements infringements 5g 5g 5g 5g
325,8,325_10___,
326,8,326_90 telephoney_787 jetliner_bezel 787_dacades,90 telephoney 787 jetliner bezel 787 dacades 000 mediating stamping 200 jetliner 90 lawfulness mediating dacades lawfulness
327,8,327_purview iah_kotaku lifehacker_io9 purview_jezebel kotaku,purview iah kotaku lifehacker io9 purview jezebel kotaku lifehacker io9 purview wikitribune wikitribune jezebel iah jezebel
328,8,328_ssword1 unpredictability_bracketing_unpredictability bracketing_unpredictability,ssword1 unpredictability bracketing unpredictability bracketing unpredictability ssword1
329,8,329_173 2666_2666 unfreeze_unfreeze_unfreeze paypals,173 2666 2666 unfreeze unfreeze unfreeze paypals paypals 241 173
330,8,330_deeps waterloo_180 deeps_ponders 180_deeps,deeps waterloo 180 deeps ponders 180 deeps waterloo ponders
331,8,331_indoctornation 404_404 attribution_24 indoctornation_indoctornation,indoctornation 404 404 attribution 24 indoctornation indoctornation attribution viacom 15 itchy_ballz itchy_ballz 24 itchy_ballz viacom attribution
332,8,332_71 400_54 2013_2014 54_multibillion 71,71 400 54 2013 2014 54 multibillion 71 2013 multibillion multibillion 400 500
333,8,333_1bn___,1bn
334,8,334_mischaracterizations_mischaracterizations quintessential_nostra_50 abrasive,mischaracterizations nostra 50 abrasive abrasive nostra abrasive quintessential converges converges 50 converges quintessential
335,8,335_2016 computex_conlake_5400 7200_7200,2016 computex conlake 5400 7200 7200 2020 saltwater 5400 8700k saltwater computex conlake conlake 8700k saltwater
336,8,336_unmarked skewl_vogon infuriates_vrc vogon_detonation,unmarked skewl vogon infuriates vrc vogon detonation infuriates vrc skewl skewl detonation detonation vrc unmarked
337,8,337_exhaustion ambien_batted elze_ambien gayming_ambien,exhaustion ambien batted elze ambien gayming ambien gayming gayming batted tearful 120 elze batted 120 exhaustion
338,8,338_cartographical linen_linen_sha editable_editable cartographical,cartographical linen linen sha editable editable cartographical linen dodgey cartographical editable dodgey sha
339,8,339_tivoization___,tivoization
340,8,340_inncable_31 wold_inncable 14_wold inncable,inncable 31 wold inncable 14 wold inncable wold cf 31 cf
341,8,341_trojanized_60 trojanized_60_,trojanized 60 trojanized
342,8,342_tortures_inflict contaminating_contaminating_tortures inflict,tortures inflict contaminating contaminating tortures inflict inflict
343,8,343_40 49_bootcamps_bootcamps 23_23 40,40 49 bootcamps bootcamps 23 23 40
344,8,344_stratus_alleviating 10_stratus 24_everlasting,stratus alleviating 10 stratus 24 everlasting alleviating 10 stratus 24 everlasting
345,8,345_25d8_forklift enriched_25d8 vaporize_40 2022,forklift enriched 25d8 vaporize 40 2022 2022 forklift vaporize nup enriched 25d8 vaporize nup forklift
346,8,346_iesg 451_iesg_stealthily reviewmeta_frst,iesg 451 iesg stealthily reviewmeta frst frst iesg 451 stealthily stealthily reviewmeta
347,8,347_20 600_600_20_,20 600
348,8,348_capcha_skypes theweb_skypes_eset capcha,capcha skypes theweb skypes eset capcha eset theweb eset dished 20 dished cocksucker dished capcha capcha
349,8,349_allready_switzerlands_bollywood allready_switzerlands bollywood,allready switzerlands bollywood allready switzerlands bollywood bollywood allready allready
350,8,350_5g bogglingly_bogglingly 22_bogglingly_22 25,5g bogglingly bogglingly 22 bogglingly 22 25 5g
351,8,351_cratering_cratering 50_50 lftr_lftr,cratering cratering 50 50 lftr lftr
352,7,352____,
353,7,353_spacing_spacing overlaps_wrt willy_nilly pptp,spacing spacing overlaps wrt willy nilly pptp overlaps wrt overlaps pptp nilly willy willy nilly
354,7,354_450h_450h cx_5t_5t posit,450h 450h cx 5t 5t posit 730d citroen a6 a6 730d ampera ampera evoque
355,7,355_2f89_2f89 10_seedy juxtaposed_juxtaposed 2f89,2f89 10 seedy juxtaposed juxtaposed 2f89 juxtaposed seedy
356,7,356_equip cripes_2012 solver_solver_cripes,equip cripes 2012 solver solver cripes solver equip equip
357,7,357_molly_uptown molly_uptown_,molly uptown molly uptown
358,7,358_hertz_350 hertz_32m_hertz 32m,hertz 350 hertz 32m hertz 32m
359,7,359_lugaru_lugaru overgrowth_overgrowth_4790k,lugaru lugaru overgrowth overgrowth 4790k overgrowth passmark passmark 4790k hib lugaru krokodil hib 4790k krokodil
360,7,360_2018 58_58_2018_,2018 58
361,7,361_1981 permissionless_deleteart13 oan_permissionless bombshell_13 1981,1981 permissionless deleteart13 oan permissionless bombshell 13 1981 bombshell deleteart13 oan permissionless deleteart13 bombshell
362,7,362_microencephaly___,microencephaly
363,7,363_squandering___,squandering
364,7,364_30k_000 37_095 804_095,30k 000 37 095 804 30k ducati 30k skimping 2015 32 32 20 skimping 20 skimping
365,7,365_hadn 16_mediabox_wacom graphire_graphire mediabox,hadn 16 mediabox wacom graphire graphire mediabox 32 wacom graphire wacom 16 32 hadn
366,7,366_5pm benihana_15 5pm_byu_byu 3d,5pm benihana 15 5pm byu byu 3d benihana 3d 15 5pm 3d
367,7,367_lorries 000_lorries_000_,lorries 000 lorries
368,7,368_claria 10_claria_2005 claria_2005,claria 10 claria 2005 claria 10 10
369,7,369_nextdoor___,nextdoor
370,7,370_15 2020_2020_15_,15 2020
371,7,371_blaxx berserk_stereoptican_berserk stereoptican_berserk,blaxx berserk stereoptican berserk stereoptican berserk blaxx
372,7,372_fhs tampa_10 fhs_qwik_fhs,fhs tampa 10 fhs qwik fhs qwik 10 tampa
373,7,373_10___,
374,7,374_baseboard_baseboard 10_7nm baseboard_7nm,baseboard baseboard 10 7nm baseboard 7nm
375,7,375_libbots_libbots snitchers_snitchers shabbos_snitchers,libbots libbots snitchers snitchers shabbos snitchers notneutrality notneutrality libbots shabbos
376,7,376_pionnered_pionnered 16gb_512gb pionnered_512gb,pionnered pionnered 16gb 512gb pionnered 512gb 16gb
377,7,377_deutschepost popularizing_popularizing_deutschepost_popularizing 10,deutschepost popularizing popularizing deutschepost popularizing 10
378,7,378_unprovoked 238_238 1st_1st lizzard_lizzard,unprovoked 238 238 1st 1st lizzard lizzard embezzling thirds 100 unprovoked thirds 100 unprovoked embezzling
379,7,379_counterweapon_assassins meditation_assassins_meditation counterweapon,counterweapon assassins meditation assassins meditation counterweapon meditation
380,7,380_90 refering_refering baseful_13 90_baseful,90 refering refering baseful 13 90 baseful refering
381,7,381_wnat ytdl_ble wnat_391a ble_95 disa,wnat ytdl ble wnat 391a ble 95 disa ble wnat ytdl scrollable disa 391a scrollable
382,7,382_48 loggers_loggers_48_,48 loggers loggers
383,7,383_inter 64_inter_64_,inter 64 inter
384,7,384_loveable_000 loveable_000_,loveable 000 loveable
385,7,385_reloaded_whitepages_reloaded reloaded_googlebot,reloaded whitepages reloaded reloaded googlebot wt dawned 10 spambots 20 googlebot 2020 eea cuckflare 2020
386,7,386_mchine 10_interuptions_qlc mchine_10 interuptions,mchine 10 interuptions qlc mchine 10 interuptions mchine qlc 10 10
387,7,387_redmondmag_redmondmag cosmo_11 redmondmag_cosmo,redmondmag redmondmag cosmo 11 redmondmag cosmo
388,7,388_47 flimsier_293 relevants_dollats tubing_dollats,47 flimsier 293 relevants dollats tubing dollats 100 dollats relevants flimsier flimsier 82 inexcusable inexcusable 10
389,7,389_huffing 2019_10 265_2017 huffing_huffing,huffing 2019 10 265 2017 huffing huffing 2019 10
390,7,390_manhandles_manhandles fore_7ffa manhandles_fore,manhandles manhandles fore 7ffa manhandles fore
391,7,391_35s talkin_35s_talkin_,35s talkin 35s talkin
392,7,392_gladitorial_qty_gladitorial qty_,gladitorial qty gladitorial qty
393,7,393_1password 10_upcomming_10 upcomming_1password,1password 10 upcomming 10 upcomming 1password
394,7,394_spyder unchangeable_pinsareperfect_465b7nr 469b7nr_unchangeable,spyder unchangeable pinsareperfect 465b7nr 469b7nr unchangeable unchangeable usersnames usersnames 2015 usersnames pinsareperfect 465b7nr 469b7nr 2015 pinsareperfect
395,7,395_unmoral_materialism_materialism materialism_materialist,unmoral materialism materialism materialism materialist womanizing steroid unmoral mlb ncis steroid 10 muppets
396,7,396_anythin_anythin slovakia_60 anythin_slovakia,anythin anythin slovakia 60 anythin slovakia
397,7,397_caret 000_caret_industrys 200_industrys,caret 000 caret industrys 200 industrys 200 56 000 caret 56 000
398,7,398_archer ryulong_ryulong_yeno_vineyward,archer ryulong ryulong yeno vineyward yeno archer 90s yeno ryulong vineyward archer 90s
399,7,399_dwayne_pocalypse_dwayne pocalypse_,dwayne pocalypse dwayne pocalypse
400,7,400_womens washrooms_washrooms envious_womens_rona,womens washrooms washrooms envious womens rona urinals womens envious rona urinals envious washrooms
401,7,401_40 transpiration_transpiration 10_20th 40_transpiration,40 transpiration transpiration 10 20th 40 transpiration 20th
402,7,402_vuze talkwalker_talkwalker_talkwalker meltwater_meltwater,vuze talkwalker talkwalker talkwalker meltwater meltwater meltwater defaultly 44 vuze vuze defaultly
403,7,403_phishers_ethiopia 80_phishers anatomized_lapsed,phishers ethiopia 80 phishers anatomized lapsed anatomized lapsed 80 phishers anatomized ethiopia
404,7,404_stunningly_quintessential hick_stunningly quintessential_000 clobbered,stunningly quintessential hick stunningly quintessential 000 clobbered hick clobbered stunningly quintessential clobbered 250 000
405,7,405_alarousu_alarousu yu_andrea_andrea fratalocchi,alarousu alarousu yu andrea andrea fratalocchi appartments appartments oooo changxu changxu yihan erkki erkki alarousu
406,7,406_muddled relevancy_hydroxychloroquine recency_bundestag hydroxychloroquine_recency,muddled relevancy hydroxychloroquine recency bundestag hydroxychloroquine recency relevancy 2016 underwent recency muddled muddled hydroxychloroquine 2016 underwent
407,7,407_25___,
408,7,408_gnarly endo_gnarly_supercruising_grinder supercruising,gnarly endo gnarly supercruising grinder supercruising supercruising gnarly grinder endo
409,7,409_atttempt_appreciable 3d_resins_wi 1990s,atttempt appreciable 3d resins wi 1990s 3d atttempt 1990s resins resins appreciable 3rd wi appreciable 10 3rd
410,7,410_revzilla 10_504 09_revzilla_10 504,revzilla 10 504 09 revzilla 10 504 09 90s 90s
411,7,411_officia_30 officia_30_,officia 30 officia
412,7,412_300gig_300gig yanking_30 300gig_yanking,300gig 300gig yanking 30 300gig yanking
413,7,413_blizz_cheapasses_blizz cheapasses_,blizz cheapasses blizz cheapasses
414,7,414_andorid 95_10 andorid_andorid_95 diffie,andorid 95 10 andorid andorid 95 diffie hellman diffie hellman diffie
415,7,415_nsw scant_nsw_scant goggle_70 38,nsw scant nsw scant goggle 70 38 38 nsw scant goggle
416,7,416_800 2030_2030_800_,800 2030
417,7,417_eddystone_ibeacon_eddystone ibeacon_,eddystone ibeacon eddystone ibeacon
418,7,418_70 831_831_clearances cbp_cbp,70 831 clearances cbp cbp 831 clearances clearances
419,7,419_womb destine_puberty afterall_destine puberty_afterall stoner,womb destine puberty afterall destine puberty afterall stoner destine 5000 200 stoner 5000 fetus womb puberty womb
420,7,420_10 enoch_siacoin claymore_regressions_prancing 10,10 enoch siacoin claymore regressions prancing 10 rx580 siacoin loonux 10 prancing enoch prancing loonux
421,7,421_algorythms_2767_proecesses_algorythms proecesses,algorythms proecesses algorythms proecesses 2767 algorythms
422,7,422_onionshare___,onionshare
423,7,423_gs 250_75 beelink_250 geekbuying_geekbuying,gs 250 75 beelink 250 geekbuying geekbuying 8gb 75 10 8gb beelink gs gs beelink 8gb
424,7,424_2017 smearing_22 losslessly_15mb 2gb_8gb 2017,2017 smearing 22 losslessly 15mb 2gb 8gb 2017 recursively 2003 smearing recursively lepton lepton 22 losslessly 15mb recursively
425,7,425_honeslty_honeslty shopper_arches honeslty_arches,honeslty honeslty shopper arches honeslty arches shopper
426,7,426_categorizes hitlist_categorizes_hitlist_,categorizes hitlist categorizes hitlist
427,7,427_warsaw_warsaw 79_snooper warsaw_snooper,warsaw warsaw 79 snooper warsaw snooper
428,7,428____,
429,7,429_debaters_technology_surprises_debaters technology_surprises_,debaters technology_surprises debaters technology_surprises
430,7,430_fuding_fuding lowing_5g fuding_lowing,fuding fuding lowing 5g fuding lowing 5g
431,7,431_84 wrinkles_34 historicity_55 vigorous_deadened unmistakable,84 wrinkles 34 historicity 55 vigorous deadened unmistakable historicity systematized historicity systematized 10 systematized perceivable deadened deadened
432,7,432_a220 carrington_carrington fabs_10 a220_a220,a220 carrington carrington fabs 10 a220 carrington fabs
433,7,433_crapshoot_buff crapshoot_crapshoot vba_56 8gb,crapshoot buff crapshoot crapshoot vba 56 8gb 8gb buff 12 rog buff mled microled microled 10 f2fs 12
434,7,434_54 rutracker_rutracker 90_rutracker_54,54 rutracker rutracker 90 rutracker
435,7,435_6th___,6th
436,7,436_mcaffee_plataform mcaffee_plataform_,mcaffee plataform mcaffee plataform
437,7,437_fantasyland 24_fantasyland_24_,fantasyland 24 fantasyland
438,7,438_2017 dethrone_gpuopen 2017_dethrone_gpuopen,2017 dethrone gpuopen 2017 dethrone gpuopen
439,7,439_deprives rightful_deprives_rightful_775 depriving,deprives rightful deprives rightful 775 depriving rightful deprives depriving depriving deprives
440,7,440_2952664 2fa_3035583 2952664_2952664_3035583,2952664 2fa 3035583 2952664 2fa
441,7,441_crisper_crisper smokeratz_smokeratz_130k,crisper crisper smokeratz smokeratz 130k 900 crisper forsseeable forsseeable 900 blinker forsseeable 130k blinker blinker
442,7,442_peppar_filetypes_peppar waiter_waiter,peppar filetypes peppar waiter waiter anthony weiner waiter 3d weiner f1 f1 filetypes 24 anthony weiner
443,7,443_50yds solvable_27 startlingly_startlingly_50yds,50yds solvable 27 startlingly startlingly 50yds startlingly 50yds solvable
444,7,444_implentation_deviously_whoppers implentation_whoppers,implentation deviously whoppers implentation whoppers deviously whoppers
445,7,445_e7968ims_reflashed 10_reflashed_10 reflashed,e7968ims reflashed 10 reflashed 10 reflashed 00 256gb 00 50 10 e7968ims 10 4b thrashed thrashed 10
446,7,446_20 300_300_20_,20 300
447,7,447_disadvantaging 40_fta disadvantaging_disadvantaging_fta,disadvantaging 40 fta disadvantaging disadvantaging fta
448,7,448_rpitx taping_rpitx_taping afield_afield,rpitx taping rpitx taping afield afield 18 rpitx taping 20 18
449,7,449_ushers_ushers ciphers_3d ushers_ciphers,ushers ushers ciphers 3d ushers ciphers 3d
450,7,450_halving your_favorite_vpn_campaigners_wonks halving_campaigners wonks,halving your_favorite_vpn campaigners wonks halving campaigners wonks your_favorite_vpn halving wonks
451,6,451_neogaf___,neogaf
452,6,452_attainable___,attainable
453,6,453_evidon_ubo_evidon ubo_,evidon ubo evidon ubo
454,6,454_hallucinations___,hallucinations
455,6,455_2014 5g_30 2014_2014_5g,2014 5g 30 2014 5g
456,6,456_7k reforestation_50 7k_reforestation pachama_pachama,7k reforestation 50 7k reforestation pachama pachama reforestation 7k
457,6,457_99___,
458,6,458_1984___,
459,6,459_5g wrt_p20 5g_p20_wrt,5g wrt p20 5g p20 wrt 5g
460,6,460_bobsledders_bigly_2013 oa_2023 glut,bobsledders bigly 2013 oa 2023 glut oa oa thirds ramen ramen bigly bigly bigly begged subpopulations
461,6,461_902_902 troubleshoots_220 902_troubleshoots pshaw,902 troubleshoots 220 902 troubleshoots pshaw pshaw troubleshoots 767 650 901 767 220 901 000 220
462,6,462_cyberhate_10s 100s_balsillie 10s_brokens,cyberhate 10s 100s balsillie 10s brokens cyberhate berners berners fabled fabled cyberhate cyberhate 100s brokens fabled balsillie
463,6,463_wi manga_manga_wi_,wi manga manga wi
464,6,464_maple___,maple
465,6,465_429 1984_429_1984_,429 1984
466,6,466_21 1080_10 readying_1080 linuix_quirk whiteboards,21 1080 10 readying 1080 linuix quirk whiteboards 32 ehp 42 quilla ehp 10 ehp 64 hexus hexus quirk
467,6,467_htpcs_enclosures htpcs_enclosures_98 enclosures,htpcs enclosures htpcs enclosures 98 enclosures htpcs psuedotv psuedotv 900 psuedotv netfux friendlier 98 900 netfux
468,6,468____,
469,6,469_neonnettle___,neonnettle
470,6,470_stiflingly spopulation_stiflingly_underperforming 4k_4k stiflingly,stiflingly spopulation stiflingly underperforming 4k 4k stiflingly spopulation 340 underperforming underperforming 4k 4k 4k
471,6,471_ebays 4m_receptionist exes_4m receptionist_exes,ebays 4m receptionist exes 4m receptionist exes receptionist ebays 4m
472,6,472_festo_sophie_buoyant festo_sophie buoyant,festo sophie buoyant festo sophie buoyant buoyant
473,6,473____,
474,6,474_gesturing___,gesturing
475,6,475_enrollment 20_enrollment_14 enrollment_20 400,enrollment 20 enrollment 14 enrollment 20 400
476,6,476_reflux_fungi reflux_reflux measurably_fungi,reflux fungi reflux reflux measurably fungi reflux reflux measurably
477,6,477_brill 79_crovitz_webview_365 gordon,brill 79 crovitz webview 365 gordon 79 webview brill crovitz brill gordon crovitz gordon
478,6,478_10 ivacy_60 600_ivacy 49_ivacy,10 ivacy 60 600 ivacy 49 ivacy 10 44 44 10 600 10 49 10
479,6,479_telemarketer_telemarketer deed_deed 10_deed,telemarketer telemarketer deed deed 10
480,6,480_musicanon_gobacktoreddit_123150_g0p2 musicanon,musicanon gobacktoreddit g0p2 musicanon 94886 g0p2 anticlutch 29687 74264 74264 musicanon
481,6,481_lvl_810s lvl_810s_lvl lvl,lvl 810s lvl 810s lvl lvl 810 810s 808 810
482,6,482_songbun 40_40 100s_songbun_3d94,songbun 40 40 100s songbun 3d94 manifestations 100s 3d94 manifestations 100s
483,6,483_hurls keanu_morphology_morphology 2018_keanu morphology,hurls keanu morphology morphology 2018 keanu morphology hurls 2018 40 keanu 40 40
484,6,484_prominently___,prominently
485,6,485_30___,
486,6,486_labotomized_chemezov labotomized_chemezov_labotomized geometric,labotomized chemezov labotomized chemezov labotomized geometric geometric
487,6,487_21___,
488,6,488_80 neets_15 80_unionization 15_neets,80 neets 15 80 unionization 15 neets unionization
489,6,489_mohammedans_keeidz_gucci feeeeel_mohammedans keeidz,mohammedans keeidz gucci feeeeel mohammedans keeidz shittin mohammedans shittin prada prada gucci keeidz prada feeeeel
490,6,490_aviator___,aviator
491,6,491_blockadblock___,blockadblock
492,6,492____,
493,6,493_looses 4m_countersues crapcast_4m 125_pluribus,looses 4m countersues crapcast 4m 125 pluribus crapcast pluribus 125 countersues pluribus unum unum crapcast looses
494,6,494_1st 19_79m_19 2048_2048 79m,1st 19 79m 19 2048 2048 79m 1st
495,6,495_marcos_imelda_storj imelda_storj,marcos imelda storj imelda storj imelda marcos
496,6,496_2015 24_2015_24_,2015 24
497,6,497_prusa_10 prusa_10_,prusa 10 prusa
498,6,498_checkins_xtouch checkins_xtouch_,checkins xtouch checkins xtouch
499,6,499_gunlady___,gunlady
500,6,500_beefed ddr_infotainment ps5_ddr_awesom pacontrol,beefed ddr infotainment ps5 ddr awesom pacontrol pacontrol wtv pacontrol ps5 beefed ddr 6gig awesom 6gig awesom
501,6,501_technofascism___,technofascism
502,6,502_cataloguing___,cataloguing
503,6,503_bursting___,bursting
504,6,504_oettingers cubans_oettingers_zoe surpri_surpri,oettingers cubans oettingers zoe surpri surpri cubans zoe 10 oettingers cubans zoe
505,6,505_malvertisement_malvertisement uncertified_904_60 dnschanger,malvertisement malvertisement uncertified 60 dnschanger dnschanger malvertisement dnschanger uncertified vpnfilter vpnfilter 904 vpnfilter uncertified
506,6,506_2f13_20 2f13_10 3176934_3176934,20 2f13 10 3176934 grocers fairing grocers decieved encapsulated encapsulated decieved 3176934 fairing
507,6,507_9700k 16gb_1700x 1700_1700 9900k_calibur,9700k 16gb 1700x 1700 1700 9900k calibur 1800x 1700x 16gb calibur 1700x 9900k 9700k 9700k 9900k
508,6,508_000___,
509,6,509____,
510,6,510_mp3skull 300gb_7006 jurisdictions_mp3skull_savory,mp3skull 300gb 7006 jurisdictions mp3skull savory 300gb 4g 22 mp3skull savory 7006 5g savory jurisdictions
511,6,511_espeically pakis_pakis 4chan_espeically_pakis,espeically pakis pakis 4chan espeically pakis 4chan
512,6,512_96_96 96__,96 96
513,6,513_2k_10 fetching_smoothed developmental_100 fisherprice,2k 10 fetching smoothed developmental 100 fisherprice 2k 2k 2k vist 98 98se corba perished corba 98se manuf
514,6,514_2003___,
515,6,515_10 poolnationvr_junkers_rec_poolnationvr,10 poolnationvr junkers rec poolnationvr junkers rec poolnationvr junkers
516,6,516_ooooooo_westernised ooooooo_westernised_,ooooooo westernised ooooooo westernised
517,6,517_600 19_000 600_25 000_600,600 19 000 600 25 000
518,6,518_miet_superony miet_superony_,miet superony miet superony
519,6,519_aeroponics_aeroponics 21st_21st thatch_thatch,aeroponics aeroponics 21st 21st thatch thatch 21st
520,6,520_irrelevancy_helpfully_landmines irrelevancy_landmines,irrelevancy helpfully landmines irrelevancy landmines helpfully landmines
521,6,521_by46_45w 45_45 65_basicaly 45w,by46 45w 45 45 65 basicaly 45w basicaly 35 electromigration electromigration basicaly by46 35 electromigration 45w
522,6,522_sponsorships_niel pono_sponsorships niel_pono,sponsorships niel pono sponsorships niel pono niel 100 sponsorships 230 100
523,6,523_sesrchlight___,sesrchlight
524,6,524_zolnikov mired_zolnikov_mired_,zolnikov mired zolnikov mired
525,6,525_cryptology_skywall cryptology_skywall_,cryptology skywall cryptology skywall
526,6,526_wormholes_wormholes wormholes_wormholes parenthesis_circulates licks,wormholes wormholes wormholes wormholes parenthesis circulates licks circulates licks licks wormholes parenthesis
527,6,527_pumageddon chipzilla_pumageddon_chipzilla_,pumageddon chipzilla pumageddon chipzilla
528,6,528_svelte___,svelte
529,6,529____,
530,6,530_deanonymizing 50_nosebook_50 nosebook_deanonymizing,deanonymizing 50 nosebook 50 nosebook deanonymizing
531,6,531_gluttonous_techinically gluttonous_techinically_,gluttonous techinically gluttonous techinically
532,6,532_29 qcom_qcom 29_qcom_29,29 qcom qcom 29 qcom
533,6,533_yetwe_occlusion sanitized_occlusion_yetwe occlusion,yetwe occlusion sanitized occlusion yetwe occlusion sanitized
534,6,534_100 00_10 100_00_10 10,100 00 10 100 10 10
535,6,535_gloogle_ahhahe_rvm ahhahe_rvm,gloogle ahhahe rvm ahhahe rvm ahhahe gloogle
536,6,536_fishers_drillbit_flake_fishers flake,fishers drillbit flake fishers flake drillbit fishers
537,6,537_000 000_000__,000 000
538,6,538_20 2006_inter 20_inter_2006,20 2006 inter 20 inter
539,6,539_croud_werethe croud_werethe_,croud werethe croud werethe
540,6,540_5g deplored_deplored_5g_,5g deplored deplored 5g
541,6,541_linix_linix fido_fido 99_fido,linix linix fido fido 99 fido
542,6,542_crimestopper_mcinerney_crimestopper mcinerney_,crimestopper mcinerney crimestopper mcinerney
543,6,543_spotifys___,spotifys
544,6,544_ndaas_5th ndaas_35dc_35dc 5th,ndaas 5th ndaas 35dc 5th ndaas 35dc 500 5th 5th
545,6,545_tendies_hodge displeasure_margaret hodge_doesen,tendies hodge displeasure margaret hodge doesen doesen tendies displeasure doesen hodge displeasure margaret
546,6,546_50 roommate_8800 50_roommate_8800,50 roommate 8800 50 roommate
547,6,547_gemalto 66_gemalto_66_,gemalto 66 gemalto
548,6,548____,
549,6,549_esp32s keil_guaran 830_140 140_140 guaran,esp32s keil guaran 830 140 140 140 guaran esp32s 830 esp32s keil jewery keil guaran
550,6,550_berated_foment berated_foment_berated 20,berated foment berated foment berated 20 20 000
551,6,551_120 sheered_beaming_usbkill beaming_sheered,120 sheered beaming usbkill beaming sheered beaming 120 usbkill
552,6,552_ana 200_deranged trump2016_trump2016_200 alamo,ana 200 deranged trump2016 trump2016 200 alamo alamo deranged manttra manttra ana ana alamo deranged
553,6,553_whitephobic_disarm whitephobic_kowtow xenophobia_manly,whitephobic disarm whitephobic kowtow xenophobia manly whitephobic kindness kindness disarm manly kowtow kowtow disarm xenophobia whitephobic
554,6,554_bouman_850 000_000 mareki_bouman m87,bouman 850 000 000 mareki bouman m87 mareki salk 850 honma bouman m87 m87 bouman honma
555,6,555____,
556,6,556_manufactuerer_redlight_thos bullshot_barometer thos,manufactuerer redlight thos bullshot barometer thos bullshot howling howling redlight thos redlight manufactuerer barometer bullshot
557,6,557_10 1s_10 1st_1st 10_0s,10 1s 10 1st 1st 10 0s 1s 0s 1s 10 32 64 10 32 64 1st
558,6,558_399 10_10 399_399_11 10,399 10 10 399 11 10
559,6,559_middling_pilfering_grained middling_pilfering grained,middling pilfering grained middling pilfering grained grained
560,6,560_08___,
561,6,561_64 10k_10k 3d_000 64_3d 24,64 10k 10k 3d 000 64 3d 24 10k 3d
562,6,562____,
563,6,563_23andme___,23andme
564,6,564_000 crossings_crossings_90 000_90,000 crossings crossings 90 000
565,6,565_500 acquaintances_acquaintances_500_,500 acquaintances acquaintances
566,6,566_shitstain___,shitstain
567,5,567____,
568,5,568____,
569,5,569_moneez___,moneez
570,5,570_norwegians 10_purelinux norwegians_500 purelinux_purelinux,norwegians 10 purelinux norwegians 500 purelinux purelinux norwegians
571,5,571_sellafield nother_sellafield_nother_,sellafield nother sellafield nother
572,5,572_flashrom_2012 flashrom_2012_,flashrom 2012 flashrom
573,5,573_vandalize_zoning_20 utensils_21st 2018,vandalize zoning 20 utensils 21st 2018 decorated benches vandalize 85 95 2018 80 10 vandalize utensils
574,5,574_xer_absofuckinglutely_absofuckinglutely xer_xer xer,xer absofuckinglutely absofuckinglutely xer xer xer
575,5,575_athletic cesium_skater athletic_14 skater_cesium,athletic cesium skater athletic 14 skater cesium skater athletic
576,5,576_clashing_clashing coddled_27 clashing_coddled,clashing clashing coddled 27 clashing coddled
577,5,577_eastasia outlining_eastasia_outlining_,eastasia outlining eastasia outlining
578,5,578_hand_rubbing_hand_rubbing subroutines_swordfish shekel_grubbing_swordfish,hand_rubbing hand_rubbing subroutines swordfish shekel_grubbing swordfish shekel_grubbing shekel_grubbing hand_rubbing subroutines
579,5,579_hucksters_fagget_overdose trilateral_fagget hucksters,hucksters fagget overdose trilateral fagget hucksters hucksters overdose overdose trilateral
580,5,580_legwork_gargling_tovarishch legwork_tovarishch,legwork gargling tovarishch legwork tovarishch gargling tovarishch
581,5,581____,
582,5,582____,
583,5,583_interceptor 100km_interceptor_100km_,interceptor 100km interceptor 100km
584,5,584_autodesk 1999_autodesk_1999_,autodesk 1999 autodesk
585,5,585_5hr___,5hr
586,5,586_wi eurocontrol_eurocontrol_wi_,wi eurocontrol eurocontrol wi
587,5,587_unoptimized___,unoptimized
588,5,588_90 pathing_bakkt_philanthropic 90_pathing,90 pathing bakkt philanthropic 90 pathing bakkt philanthropic philanthropic
589,5,589_flaherty___,flaherty
590,5,590_500 dials_dials_15 15_000 500,500 dials dials 15 15 000 500 15 000
591,5,591_steph_speculates_martyrdom feasibly_steph martyrdom,steph speculates martyrdom feasibly steph martyrdom unbias speculates wearer steph unbias speculates wearer quillette unbias feasibly
592,5,592_rewinding___,rewinding
593,5,593_mathmatics deviated_orgins_underlines mathmatics_underlines,mathmatics deviated orgins underlines mathmatics underlines uscis deviated orgins orgins uscis mathmatics deviated
594,5,594_hadn___,hadn
595,5,595_indue_delineation_50 1880_indue pantyfa,indue delineation 50 1880 indue pantyfa testicular delineation testicular pantyfa pantyfa 50 delineation indue
596,5,596_hookniggers___,hookniggers
597,5,597_20 ceasing_ceasing_20 20_20,20 ceasing ceasing 20 20
598,5,598_aeva_yquan_aeva yquan_,aeva yquan aeva yquan
599,5,599_conveyors_radioisotope_conveyors conveyors_radioisotope conveyors,conveyors radioisotope conveyors conveyors radioisotope conveyors radioisotope radioisotope
600,5,600_probeats_devastation probeats_probeats probeats_devastation,probeats devastation probeats probeats probeats devastation
601,5,601_10 14_14 10_14_10,10 14 14 10
602,5,602_wi 21st_21st 10_13 forges_abstracted convertor,wi 21st 21st 10 13 forges abstracted convertor abstracted convertor forges forges wi 10 abstracted 21st
603,5,603_hklm_10 hklm_10_,hklm 10 hklm
604,5,604_avegant___,avegant
605,5,605_2016 20_2016_20_,2016 20
606,5,606_pcdude___,pcdude
607,5,607_typeface___,typeface
608,5,608_livescience_clouthub moan_clouthub_moan livescience,livescience clouthub moan clouthub moan livescience moan
609,5,609_hotword_hotword hotword_69 amiunique_44 2403,hotword hotword hotword 69 amiunique 44 2403 voicesearch voicesearch 44 89 nacl behindtheoverlay behindtheoverlay 69 hotword behindtheoverlay
610,5,610_magma 3rd_magma_3rd_,magma 3rd magma 3rd
611,5,611_ps5___,ps5
612,5,612_alchemy camaleon_camaleon_apiq_agoracart interchange,alchemy camaleon camaleon apiq agoracart interchange agoracart 40th mariadb apiq spina fae creaming creaming skittles
613,5,613____,
614,5,614_taskforce___,taskforce
615,5,615_500 iboot_cryptxxx rakes_rakes 45_iboot,500 iboot cryptxxx rakes rakes 45 iboot cryptxxx rakes 45 000 000 500
616,5,616_dildon 7ffa_dildon_7ffa_,dildon 7ffa dildon
617,5,617_homeopathically_huamn homeopathically_10 huamn_huamn,homeopathically huamn homeopathically 10 huamn huamn
618,5,618_eighty___,eighty
619,5,619_klitschko_404s_seahawks_klitschko seahawks,klitschko 404s seahawks klitschko seahawks 404s klitschko
620,5,620_vagg teeny_wjn_vagg_wjn vagg,vagg teeny wjn vagg wjn vagg teeny
621,5,621_386_stavon 386_u740_12 u740,stavon 386 u740 12 u740 386 stavon stavon u740 386 386 386 20 12
622,5,622_purveyors tarred_feathered_purveyors_tarred,purveyors tarred feathered purveyors tarred tarred feathered
623,5,623_unvetted___,unvetted
624,5,624_3200f_14x6cm_3200f 14x6cm_14x6cm 200,14x6cm 3200f 14x6cm 14x6cm 200 50 3200f
625,5,625_14___,
626,5,626_46x___,46x
627,5,627____,
628,5,628_lurch___,lurch
629,5,629_yoosed_happenig heyo_happenig_yoosed happenig,yoosed happenig heyo happenig yoosed happenig heyo
630,5,630_2022 flickering_flickering yuan_flickering_yuan,2022 flickering flickering yuan flickering yuan
631,5,631_clink___,clink
632,5,632_r4s_r4s 4gb_28th r4s_28th,r4s r4s 4gb 28th r4s 28th 4gb
633,5,633_1000 1000_1000__,1000 1000
634,5,634_rejuvenation 200_rejuvenation_enroute solarstratos_seacharger,rejuvenation 200 rejuvenation enroute solarstratos seacharger seacharger homebuild solarstratos 25 solarstratos homebuild enroute enroute 25 endometrium
635,5,635____,
636,5,636_7nm kirin_kirin 980_kirin_980,7nm kirin kirin 980 kirin 7nm
637,5,637_81 000_81_000_,81 000
638,5,638_21 3310_riftcat_12 21_3310 riftcat,21 3310 riftcat 12 21 3310 riftcat
639,5,639_rc4 365_vowels_365 vowels_rc4,rc4 365 vowels 365 vowels rc4
640,5,640_hexa rockchip_50 distributable_rockchip 75_75 50,hexa rockchip 50 distributable rockchip 75 75 50 rockchip hexa distributable
641,5,641_otp 20_otp_20_,otp 20 otp
642,5,642_administraiton___,administraiton
643,5,643_edi_1999 dorms_brad_brad 1999,edi 1999 dorms brad brad 1999 000 edi 80 brad edi edi edi 80 dorms 40 000
644,5,644_10___,
645,5,645____,
646,5,646_410 novasom_onslaught resistive_thisyearsmodel_resistive thisyearsmodel,410 novasom onslaught resistive thisyearsmodel resistive thisyearsmodel novasom onslaught novasom onslaught resistive
647,5,647_orchestration orchestrator_3d pizzas_orchestrator_orchestration,orchestration orchestrator 3d pizzas orchestrator orchestration pizzas orchestration pizzas 3d
648,5,648____,
649,5,649_scholarship wi_wi 32_10m scholarship_scholarship,scholarship wi wi 32 10m scholarship scholarship 10m wi
650,5,650_e4m_e4m stained_wretches_stained wretches,e4m e4m stained wretches stained wretches solotshi solotshi e4m stained
651,5,651_000 adspace_adspace_50 000_50,000 adspace adspace 50 000
652,5,652_mushroom 561_mushroom_51 860_860 1400,mushroom 561 mushroom 51 860 860 1400 561 51
653,5,653_exaflop_megabots_exaflop megabots_,exaflop megabots exaflop megabots
654,5,654_embossers encabuloator_encabuloator_encabuloator bogon_hydrocilator bogonic,embossers encabuloator encabuloator encabuloator bogon hydrocilator bogonic gyrations hydrocilator bogonic gyrations embossers bogonic bogon hydrocilator
655,5,655_acc_unnerve acc_unnerve_,acc unnerve acc unnerve
656,5,656_25 anitivirus_2020 menuetos_anitivirus_anitivirus 2020,25 anitivirus 2020 menuetos anitivirus anitivirus 2020 28 25 2015 28 menuetos 2020 2020 10 2015
657,5,657____,
658,5,658_23d 18_opiate 23d_18 promos_23d,23d 18 opiate 23d 18 promos 23d promos opiate
659,5,659_braze sintering_nonstick coatings_pvdf braze_pvdf,braze sintering nonstick coatings pvdf braze pvdf nonstick braze coatings pvdf coatings sintering
660,5,660_3d obd_obd_wi 3d_wi,3d obd obd wi 3d wi 3d
661,5,661_00 5k_betternet_usmobile usm_usm 15,00 5k betternet usmobile usm usm 15 250 4g usm betternet usmobile 5k 250 usmobile 15 00
662,5,662_summons 100_summons_100_,summons 100 summons
663,5,663_aaargh mugshot_mugshot dehydration_911 aaargh_aaargh,aaargh mugshot mugshot dehydration 911 aaargh aaargh mugshot dehydration
664,5,664_atwood_hafta_atwood hafta_,atwood hafta atwood hafta
665,5,665_600m 10_laced 600m_600m_laced,600m 10 laced 600m 600m laced
666,5,666_stoner benders_benders_stoner_,stoner benders benders stoner
667,5,667____,
668,5,668_paramedic paramedics_paramedic_paramedics_,paramedic paramedics paramedic paramedics
669,5,669_blackest___,blackest
670,5,670_philip_philip swibbles_swibbles_swibble devours,philip philip swibbles swibbles swibble devours swibbles swibble 70 philip swibble devours
671,5,671_400___,
672,5,672_survivalism tampons_survivalism_tampons_tampon survivalism,survivalism tampons survivalism tampons tampon survivalism stoplights tampon encrusted stoplights stoplights encrusted tampon
673,5,673_epo yeild_epo_yeild_,epo yeild epo yeild
674,5,674_converstion aspirin_converstion_aspirin_,converstion aspirin converstion aspirin
675,5,675____,
676,5,676_10x___,10x
677,5,677_ini_ini ini_3gb 2k_2k ini,ini ini ini 3gb 2k 2k ini 3gb 2k
678,5,678_healthtech_healthtech 2016_medtech marina_2016 medtech,healthtech healthtech 2016 medtech marina 2016 medtech glassholes glassholes healthtech medtech marina abramovic abramovic marina
679,5,679_000 kal_200 1992_kal_0000 1000,000 kal 200 1992 kal 0000 1000 000 0000 1992 12 1000 18 18 000 12 000
680,5,680_bandit 五毛_20 共匪_共匪 bandit_五毛,bandit 五毛 20 共匪 共匪 bandit 五毛 共匪 bandit
681,5,681_blackholing_blackholing 17500_reqs_niggerdom,blackholing blackholing 17500 reqs niggerdom reqs niggerdom 17500 reqs 45 blackholing
682,5,682_trashcan_900 600_1tb 2009_gtc 2016,trashcan 900 600 1tb 2009 gtc 2016 20 deskstar deskstar 2009 trashcan gtc specced trashcan deskstar 1tb
683,5,683_gordian superkuh_readfilesync id_rsa_slates readfilesync_tostring,gordian superkuh readfilesync id_rsa slates readfilesync tostring superkuh 19 tostring scoundrels scoundrels scoundrels gordian slates superkuh
684,5,684_redefines_microscopy 2016_zapata redefines_redefines microscopy,redefines microscopy 2016 zapata redefines redefines microscopy microscopy franky franky zapata zapata
685,5,685_11___,
686,5,686_leapfrogs_12 leapfrogs_12_,leapfrogs 12 leapfrogs
687,5,687_loran_loran loran_appropriated appropriations_appropriations,loran loran loran appropriated appropriations appropriations 2010 inaccuracy prankster cranks cranks jonney cranks inaccuracy hostilities loran
688,5,688_1980s videodisc_3d beak_88 dk2_cv1 kinesthetic,1980s videodisc 3d beak 88 dk2 cv1 kinesthetic 87 vhd beak toucans jello 88 kinesthetic kakehashi kakehashi roland
689,5,689_2019 flashable_flashable_10 2019_25 10,2019 flashable flashable 10 2019 25 10
690,5,690_crickets_crickets crickets_austria_austria crickets,crickets crickets crickets austria austria crickets 20 purifier austria snack crickets millenium crickets fledgling departures departures austria
691,5,691_plated urbane_luxe_urbane luxe_urbane,plated urbane luxe urbane luxe urbane plated
692,5,692_gigaton_10 gigaton_10_,gigaton 10 gigaton
693,5,693_300 defaulted_defaulted_300_,300 defaulted defaulted
694,5,694_arrestor 220_110 220_td 110_220 arrestor,arrestor 220 110 220 td 110 220 arrestor arrestor td
695,5,695_usitc___,usitc
696,5,696_goodrx_bargains_undergound_goodrx bargains,goodrx bargains undergound goodrx bargains bargains undergound
697,5,697_authory_authory 100k_100k measurably_measurably,authory authory 100k 100k measurably measurably 100k
698,5,698____,
699,5,699_beresheet___,beresheet
700,5,700____,
701,5,701____,
702,5,702_4100_terminus_4100 terminus_,terminus 4100 terminus
703,5,703_terabits_44 terabits_10 44_44,terabits 44 terabits 10 44
704,5,704_00 redundance_08 18_18 00_2017 08,00 redundance 08 18 18 00 2017 08 redundance redundance gilded bellows 2017 decentralizeday erected erected decentralizeday
705,5,705_2005___,
706,5,706_acceptible_acceptible substitution_tabulation acceptible_substitution,acceptible acceptible substitution tabulation acceptible substitution achtung achtung tabulation tabulation
707,5,707_reassemble armys_reassemble_treadmills irradiated_disassembled reassemble,reassemble armys reassemble treadmills irradiated disassembled reassemble armys treadmills irradiated armys disassembled treadmills
708,5,708_laserjets_4k 000_laserjets 1500_000 laserjets,laserjets 4k 000 laserjets 1500 000 laserjets 1500 laserjets 1700 4k laserjets laserjets 4k
709,5,709_1992 000_1992_10 heavens_000 loc,1992 000 10 heavens 000 loc scribus containerization restrictively qubes leaner leaner copyfreedom containerization 18k 10
710,5,710_4x iced_iced_4x_,4x iced iced 4x
711,5,711____,
712,5,712_otherways___,otherways
713,5,713_primitivetechnologys transpose_rowe obeys_transpose rowe_fright,primitivetechnologys transpose rowe obeys transpose rowe fright obeys transpose obeys unpozzed primitivetechnologys fright primitivetechnologys rowe
714,5,714____,
715,5,715_900m 41mp_50 900m_41mp_900m,900m 41mp 50 900m 41mp 900m
716,5,716_nibl_nibl ixirc_waylaid_shanhai waylaid,nibl nibl ixirc waylaid shanhai waylaid waylaid 10 10 nibl shanhai ixirc
717,5,717_busybox_busybox 31_31 rv64gc_busybox busybox,busybox busybox 31 31 rv64gc busybox busybox rv64gc 10 129 cross_compile litex xfj cross_compile riscv64 129 busybox
718,5,718_160 000_000 19_160_19,160 000 000 19
719,5,719____,
720,5,720_tic toc_toc_tic_,tic toc toc tic
721,5,721_gondolas___,gondolas
722,5,722_kirk_allman sendmail_bmwusa_berners roth,kirk allman sendmail bmwusa berners roth allman bmwusa nissanglobal nissanglobal kirk nissanglobal mckusik rmdir mckusik
723,5,723____,
724,5,724_adland_machina_000 adland_adland machina,adland machina 000 adland adland machina 60 000
725,5,725____,
726,5,726_59 100_59_100_,59 100
727,5,727_sybian_quintillion sybian_hotfixes_feverishly hotfixes,sybian quintillion sybian hotfixes feverishly hotfixes feverishly hotfixes sourcery sybian feverishly sourcery sybian sybian 18 quintillion
728,5,728_exsist___,exsist
729,5,729_cogent interconnection_interconnection_interconnection 8k_cogent,cogent interconnection interconnection interconnection 8k cogent 8k 4k 8k 4k
730,5,730_ciao___,ciao
731,5,731_melonee 11_melonee_11_,melonee 11 melonee
732,5,732_eranet_hk eranet_eranet hk_7zip eranet,eranet hk eranet eranet hk 7zip eranet hk 7zip
733,5,733____,
734,5,734_eter9___,eter9
735,5,735____,
736,5,736_334___,
737,5,737_wihout___,wihout
738,5,738_cleave_faceted_cleave cleave_faceted cleave,cleave faceted cleave cleave faceted cleave cleave 20 510 faceted
739,5,739_upvoteing_2hr 200_2hr_100 30,upvoteing 2hr 200 2hr 100 30 10 561 16 begger 16th 280 upvoteing 16 500 17 acconts 18
740,5,740_325k visitation_325k_visitation_,325k visitation 325k visitation
741,5,741_31___,
742,5,742_transmutation___,transmutation
743,5,743_eevblab 64_eevblab_64_,eevblab 64 eevblab
744,5,744_acceptably_15se_acceptably 15se_15se 22s,acceptably 15se acceptably 15se 15se 22s 35 acceptably 22s 35 35
745,5,745_redstone 10_17751 10_10 peaked_17751,redstone 10 17751 10 10 peaked redstone 10 redstone peaked
746,5,746_yadda_yadda yadda_ololololol scotsman_castes millionaires,yadda yadda yadda ololololol scotsman castes millionaires millionaires yadda ololololol scotsman castes castes scotsman millionaires
747,5,747_festive_rammed 36_10 rammed_festive 10,festive rammed 36 10 rammed festive 10 rammed
748,5,748_dban___,dban
749,5,749_technocracy_technocracy technocracy_manners 100_5g technocracy,technocracy technocracy technocracy manners 100 5g technocracy manners 5g 5g 100 5g 5g
750,5,750_disnt podestas_podestas ineffectual_romanticized disnt_weirld,disnt podestas podestas ineffectual romanticized disnt weirld romanticized disnt ineffectual weirld podestas ineffectual
751,5,751____,
752,5,752_blackstone jurist_1770_jurist_1770 nooooo,blackstone jurist jurist 1770 nooooo jurist 1770 blackstone nooooo
753,5,753_hangings commuted_commuted obumble_obumble_hangings,hangings commuted commuted obumble obumble hangings obumble sbbh commuted sbbh
754,5,754_fangled 2019_spreed 2013_2019 spreed_spreed,fangled 2019 spreed 2013 2019 spreed spreed fangled
755,5,755_graves_amerimutts graves_klinton_killery klinton,graves amerimutts graves klinton killery klinton klinton amerimutts killery amerimutts
756,5,756____,
757,5,757_bitflips_95 bitflips_95_,bitflips 95 bitflips
758,5,758_nigexicans___,nigexicans
759,5,759_semite_chimpouts semite_chimpouts_,semite chimpouts semite chimpouts
760,5,760_avert lull_avert_lull_,avert lull avert lull
761,5,761_250___,
762,5,762_ula_ula ula_fairing ula_hurtful threadbare,ula ula ula fairing ula hurtful threadbare antagonistic hurtful antagonistic threadbare industrious threadbare industrious 99 ula antagonistic
763,5,763____,
764,5,764_365___,
765,5,765_internationalist 100_komrade_internationalist_komrade internationalist,internationalist 100 komrade internationalist komrade internationalist
